dzien,data,ST_Prawo_Historia,ST_Poezja_Prorocy,NT_Ewangelie_Listy,linki_hiperbiblia
1,2026-01-01,"1 Księga Mojżesza, rozdział 1 i 2",Psalm 1 i 2,"Ewangelia Mateusza, rozdział 1 i 2",Rdz 1-2: https://hiperbiblia.com/reader?book=gen&chapter=1&left=snpd&right=lxxhb | Ps 1-2: https://hiperbiblia.com/reader?book=psa&chapter=1&left=snpd&right=lxxhb | Mt 1-2: https://hiperbiblia.com/reader?book=mat&chapter=1&left=snpd&right=lxxhb
2,2026-01-02,"1 Księga Mojżesza, rozdział 3 i 4","Psalm 3, 4 i 5","Ewangelia Mateusza, rozdział 3 i 4",Rdz 3-4: https://hiperbiblia.com/reader?book=gen&chapter=3&left=snpd&right=lxxhb | Ps 3-5: https://hiperbiblia.com/reader?book=psa&chapter=3&left=snpd&right=lxxhb | Mt 3-4: https://hiperbiblia.com/reader?book=mat&chapter=3&left=snpd&right=lxxhb
3,2026-01-03,"1 Księga Mojżesza, rozdział 5 i 6","Psalm 6, 7 i 8","Ewangelia Mateusza, rozdział 5",Rdz 5-6: https://hiperbiblia.com/reader?book=gen&chapter=5&left=snpd&right=lxxhb | Ps 6-8: https://hiperbiblia.com/reader?book=psa&chapter=6&left=snpd&right=lxxhb | Mt 5: https://hiperbiblia.com/reader?book=mat&chapter=5&left=snpd&right=lxxhb
4,2026-01-04,"1 Księga Mojżesza, rozdział 7 i 8",Psalm 9 i 10,"Ewangelia Mateusza, rozdział 6",Rdz 7-8: https://hiperbiblia.com/reader?book=gen&chapter=7&left=snpd&right=lxxhb | Ps 9-10: https://hiperbiblia.com/reader?book=psa&chapter=9&left=snpd&right=lxxhb | Mt 6: https://hiperbiblia.com/reader?book=mat&chapter=6&left=snpd&right=lxxhb
5,2026-01-05,"1 Księga Mojżesza, rozdział 9 i 10","Psalm 11, 12 i 13","Ewangelia Mateusza, rozdział 7",Rdz 9-10: https://hiperbiblia.com/reader?book=gen&chapter=9&left=snpd&right=lxxhb | Ps 11-13: https://hiperbiblia.com/reader?book=psa&chapter=11&left=snpd&right=lxxhb | Mt 7: https://hiperbiblia.com/reader?book=mat&chapter=7&left=snpd&right=lxxhb
6,2026-01-06,"1 Księga Mojżesza, rozdział 11 i 12","Psalm 14, 15 i 16","Ewangelia Mateusza, rozdział 8",Rdz 11-12: https://hiperbiblia.com/reader?book=gen&chapter=11&left=snpd&right=lxxhb | Ps 14-16: https://hiperbiblia.com/reader?book=psa&chapter=14&left=snpd&right=lxxhb | Mt 8: https://hiperbiblia.com/reader?book=mat&chapter=8&left=snpd&right=lxxhb
7,2026-01-07,"1 Księga Mojżesza, rozdział 13 i 14",Psalm 17,"Ewangelia Mateusza, rozdział 9",Rdz 13-14: https://hiperbiblia.com/reader?book=gen&chapter=13&left=snpd&right=lxxhb | Ps 17: https://hiperbiblia.com/reader?book=psa&chapter=17&left=snpd&right=lxxhb | Mt 9: https://hiperbiblia.com/reader?book=mat&chapter=9&left=snpd&right=lxxhb
8,2026-01-08,"1 Księga Mojżesza, rozdział 15 i 16",Psalm 18,"Ewangelia Mateusza, rozdział 10",Rdz 15-16: https://hiperbiblia.com/reader?book=gen&chapter=15&left=snpd&right=lxxhb | Ps 18: https://hiperbiblia.com/reader?book=psa&chapter=18&left=snpd&right=lxxhb | Mt 10: https://hiperbiblia.com/reader?book=mat&chapter=10&left=snpd&right=lxxhb
9,2026-01-09,"1 Księga Mojżesza, rozdział 17 i 18","Psalm 19, 20 i 21","Ewangelia Mateusza, rozdział 11",Rdz 17-18: https://hiperbiblia.com/reader?book=gen&chapter=17&left=snpd&right=lxxhb | Ps 19-21: https://hiperbiblia.com/reader?book=psa&chapter=19&left=snpd&right=lxxhb | Mt 11: https://hiperbiblia.com/reader?book=mat&chapter=11&left=snpd&right=lxxhb
10,2026-01-10,"1 Księga Mojżesza, rozdział 19",Psalm 22,"Ewangelia Mateusza, rozdział 12",Rdz 19: https://hiperbiblia.com/reader?book=gen&chapter=19&left=snpd&right=lxxhb | Ps 22: https://hiperbiblia.com/reader?book=psa&chapter=22&left=snpd&right=lxxhb | Mt 12: https://hiperbiblia.com/reader?book=mat&chapter=12&left=snpd&right=lxxhb
11,2026-01-11,"1 Księga Mojżesza, rozdział 20 i 21","Psalm 23, 24 i 25","Ewangelia Mateusza, rozdział 13",Rdz 20-21: https://hiperbiblia.com/reader?book=gen&chapter=20&left=snpd&right=lxxhb | Ps 23-25: https://hiperbiblia.com/reader?book=psa&chapter=23&left=snpd&right=lxxhb | Mt 13: https://hiperbiblia.com/reader?book=mat&chapter=13&left=snpd&right=lxxhb
12,2026-01-12,"1 Księga Mojżesza, rozdział 22 i 23","Psalm 26, 27 i 28","Ewangelia Mateusza, rozdział 14",Rdz 22-23: https://hiperbiblia.com/reader?book=gen&chapter=22&left=snpd&right=lxxhb | Ps 26-28: https://hiperbiblia.com/reader?book=psa&chapter=26&left=snpd&right=lxxhb | Mt 14: https://hiperbiblia.com/reader?book=mat&chapter=14&left=snpd&right=lxxhb
13,2026-01-13,"1 Księga Mojżesza, rozdział 24",Psalm 29 i 30,"Ewangelia Mateusza, rozdział 15",Rdz 24: https://hiperbiblia.com/reader?book=gen&chapter=24&left=snpd&right=lxxhb | Ps 29-30: https://hiperbiblia.com/reader?book=psa&chapter=29&left=snpd&right=lxxhb | Mt 15: https://hiperbiblia.com/reader?book=mat&chapter=15&left=snpd&right=lxxhb
14,2026-01-14,"1 Księga Mojżesza, rozdział 25 i 26",Psalm 31,"Ewangelia Mateusza, rozdział 16",Rdz 25-26: https://hiperbiblia.com/reader?book=gen&chapter=25&left=snpd&right=lxxhb | Ps 31: https://hiperbiblia.com/reader?book=psa&chapter=31&left=snpd&right=lxxhb | Mt 16: https://hiperbiblia.com/reader?book=mat&chapter=16&left=snpd&right=lxxhb
15,2026-01-15,"1 Księga Mojżesza, rozdział 27",Psalm 32,"Ewangelia Mateusza, rozdział 17",Rdz 27: https://hiperbiblia.com/reader?book=gen&chapter=27&left=snpd&right=lxxhb | Ps 32: https://hiperbiblia.com/reader?book=psa&chapter=32&left=snpd&right=lxxhb | Mt 17: https://hiperbiblia.com/reader?book=mat&chapter=17&left=snpd&right=lxxhb
16,2026-01-16,"1 Księga Mojżesza, rozdział 28 i 29",Psalm 33,"Ewangelia Mateusza, rozdział 18",Rdz 28-29: https://hiperbiblia.com/reader?book=gen&chapter=28&left=snpd&right=lxxhb | Ps 33: https://hiperbiblia.com/reader?book=psa&chapter=33&left=snpd&right=lxxhb | Mt 18: https://hiperbiblia.com/reader?book=mat&chapter=18&left=snpd&right=lxxhb
17,2026-01-17,"1 Księga Mojżesza, rozdział 30",Psalm 34,"Ewangelia Mateusza, rozdział 19",Rdz 30: https://hiperbiblia.com/reader?book=gen&chapter=30&left=snpd&right=lxxhb | Ps 34: https://hiperbiblia.com/reader?book=psa&chapter=34&left=snpd&right=lxxhb | Mt 19: https://hiperbiblia.com/reader?book=mat&chapter=19&left=snpd&right=lxxhb
18,2026-01-18,"1 Księga Mojżesza, rozdział 31",Psalm 35,"Ewangelia Mateusza, rozdział 20",Rdz 31: https://hiperbiblia.com/reader?book=gen&chapter=31&left=snpd&right=lxxhb | Ps 35: https://hiperbiblia.com/reader?book=psa&chapter=35&left=snpd&right=lxxhb | Mt 20: https://hiperbiblia.com/reader?book=mat&chapter=20&left=snpd&right=lxxhb
19,2026-01-19,"1 Księga Mojżesza, rozdział 32 i 33",Psalm 36,"Ewangelia Mateusza, rozdział 21",Rdz 32-33: https://hiperbiblia.com/reader?book=gen&chapter=32&left=snpd&right=lxxhb | Ps 36: https://hiperbiblia.com/reader?book=psa&chapter=36&left=snpd&right=lxxhb | Mt 21: https://hiperbiblia.com/reader?book=mat&chapter=21&left=snpd&right=lxxhb
20,2026-01-20,"1 Księga Mojżesza, rozdział 34 i 35",Psalm 37,"Ewangelia Mateusza, rozdział 22",Rdz 34-35: https://hiperbiblia.com/reader?book=gen&chapter=34&left=snpd&right=lxxhb | Ps 37: https://hiperbiblia.com/reader?book=psa&chapter=37&left=snpd&right=lxxhb | Mt 22: https://hiperbiblia.com/reader?book=mat&chapter=22&left=snpd&right=lxxhb
21,2026-01-21,"1 Księga Mojżesza, rozdział 36",Psalm 38,"Ewangelia Mateusza, rozdział 23",Rdz 36: https://hiperbiblia.com/reader?book=gen&chapter=36&left=snpd&right=lxxhb | Ps 38: https://hiperbiblia.com/reader?book=psa&chapter=38&left=snpd&right=lxxhb | Mt 23: https://hiperbiblia.com/reader?book=mat&chapter=23&left=snpd&right=lxxhb
22,2026-01-22,"1 Księga Mojżesza, rozdział 37",Psalm 39 i 40,"Ewangelia Mateusza, rozdział 24",Rdz 37: https://hiperbiblia.com/reader?book=gen&chapter=37&left=snpd&right=lxxhb | Ps 39-40: https://hiperbiblia.com/reader?book=psa&chapter=39&left=snpd&right=lxxhb | Mt 24: https://hiperbiblia.com/reader?book=mat&chapter=24&left=snpd&right=lxxhb
23,2026-01-23,"1 Księga Mojżesza, rozdział 38","Psalm 41, 42 i 43","Ewangelia Mateusza, rozdział 25",Rdz 38: https://hiperbiblia.com/reader?book=gen&chapter=38&left=snpd&right=lxxhb | Ps 41-43: https://hiperbiblia.com/reader?book=psa&chapter=41&left=snpd&right=lxxhb | Mt 25: https://hiperbiblia.com/reader?book=mat&chapter=25&left=snpd&right=lxxhb
24,2026-01-24,"1 Księga Mojżesza, rozdział 39 i 40",Psalm 44,"Ewangelia Mateusza, rozdział 26",Rdz 39-40: https://hiperbiblia.com/reader?book=gen&chapter=39&left=snpd&right=lxxhb | Ps 44: https://hiperbiblia.com/reader?book=psa&chapter=44&left=snpd&right=lxxhb | Mt 26: https://hiperbiblia.com/reader?book=mat&chapter=26&left=snpd&right=lxxhb
25,2026-01-25,"1 Księga Mojżesza, rozdział 41",Psalm 45,"Ewangelia Mateusza, rozdział 27",Rdz 41: https://hiperbiblia.com/reader?book=gen&chapter=41&left=snpd&right=lxxhb | Ps 45: https://hiperbiblia.com/reader?book=psa&chapter=45&left=snpd&right=lxxhb | Mt 27: https://hiperbiblia.com/reader?book=mat&chapter=27&left=snpd&right=lxxhb
26,2026-01-26,"1 Księga Mojżesza, rozdział 42 i 43","Psalm 46, 47 i 48","Ewangelia Mateusza, rozdział 28",Rdz 42-43: https://hiperbiblia.com/reader?book=gen&chapter=42&left=snpd&right=lxxhb | Ps 46-48: https://hiperbiblia.com/reader?book=psa&chapter=46&left=snpd&right=lxxhb | Mt 28: https://hiperbiblia.com/reader?book=mat&chapter=28&left=snpd&right=lxxhb
27,2026-01-27,"1 Księga Mojżesza, rozdział 44 i 45",Psalm 49,"List do Rzymian, rozdział 1 i 2",Rdz 44-45: https://hiperbiblia.com/reader?book=gen&chapter=44&left=snpd&right=lxxhb | Ps 49: https://hiperbiblia.com/reader?book=psa&chapter=49&left=snpd&right=lxxhb | Rz 1-2: https://hiperbiblia.com/reader?book=rom&chapter=1&left=snpd&right=lxxhb
28,2026-01-28,"1 Księga Mojżesza, rozdział 46 i 47",Psalm 50,"List do Rzymian, rozdział 3 i 4",Rdz 46-47: https://hiperbiblia.com/reader?book=gen&chapter=46&left=snpd&right=lxxhb | Ps 50: https://hiperbiblia.com/reader?book=psa&chapter=50&left=snpd&right=lxxhb | Rz 3-4: https://hiperbiblia.com/reader?book=rom&chapter=3&left=snpd&right=lxxhb
29,2026-01-29,"1 Księga Mojżesza, rozdział 48, 49 i 50",Psalm 51 i 52,"List do Rzymian, rozdział 5 i 6",Rdz 48-50: https://hiperbiblia.com/reader?book=gen&chapter=48&left=snpd&right=lxxhb | Ps 51-52: https://hiperbiblia.com/reader?book=psa&chapter=51&left=snpd&right=lxxhb | Rz 5-6: https://hiperbiblia.com/reader?book=rom&chapter=5&left=snpd&right=lxxhb
30,2026-01-30,"2 Księga Mojżesza, rozdział 1 i 2","Psalm 53, 54, i 55","List do Rzymian, rozdział 7 i 8",Wj 1-2: https://hiperbiblia.com/reader?book=exo&chapter=1&left=snpd&right=lxxhb | Ps 53-55: https://hiperbiblia.com/reader?book=psa&chapter=53&left=snpd&right=lxxhb | Rz 7-8: https://hiperbiblia.com/reader?book=rom&chapter=7&left=snpd&right=lxxhb
31,2026-01-31,"2 Księga Mojżesza, rozdział 3 i 4",Psalm 56 i 57,"List do Rzymian, rozdział 9",Wj 3-4: https://hiperbiblia.com/reader?book=exo&chapter=3&left=snpd&right=lxxhb | Ps 56-57: https://hiperbiblia.com/reader?book=psa&chapter=56&left=snpd&right=lxxhb | Rz 9: https://hiperbiblia.com/reader?book=rom&chapter=9&left=snpd&right=lxxhb
32,2026-02-01,"2 Księga Mojżesza, rozdział 5 i 6",Psalm 58 i 59,"List do Rzymian, rozdział 10 i 11",Wj 5-6: https://hiperbiblia.com/reader?book=exo&chapter=5&left=snpd&right=lxxhb | Ps 58-59: https://hiperbiblia.com/reader?book=psa&chapter=58&left=snpd&right=lxxhb | Rz 10-11: https://hiperbiblia.com/reader?book=rom&chapter=10&left=snpd&right=lxxhb
33,2026-02-02,"2 Księga Mojżesza, rozdział 7 i 8",Psalm 60 i 61,"List do Rzymian, rozdział 12",Wj 7-8: https://hiperbiblia.com/reader?book=exo&chapter=7&left=snpd&right=lxxhb | Ps 60-61: https://hiperbiblia.com/reader?book=psa&chapter=60&left=snpd&right=lxxhb | Rz 12: https://hiperbiblia.com/reader?book=rom&chapter=12&left=snpd&right=lxxhb
34,2026-02-03,"2 Księga Mojżesza, rozdział 9",Psalm 62 i 63,"List do Rzymian, rozdział 13 i 14",Wj 9: https://hiperbiblia.com/reader?book=exo&chapter=9&left=snpd&right=lxxhb | Ps 62-63: https://hiperbiblia.com/reader?book=psa&chapter=62&left=snpd&right=lxxhb | Rz 13-14: https://hiperbiblia.com/reader?book=rom&chapter=13&left=snpd&right=lxxhb
35,2026-02-04,"2 Księga Mojżesza, rozdział 10",Psalm 64 i 65,"List do Rzymian, rozdział 15 i 16",Wj 10: https://hiperbiblia.com/reader?book=exo&chapter=10&left=snpd&right=lxxhb | Ps 64-65: https://hiperbiblia.com/reader?book=psa&chapter=64&left=snpd&right=lxxhb | Rz 15-16: https://hiperbiblia.com/reader?book=rom&chapter=15&left=snpd&right=lxxhb
36,2026-02-05,"2 Księga Mojżesza, rozdział 11 i 12",Psalm 66 i 67,"Ewangelia Marka, rozdział 1",Wj 11-12: https://hiperbiblia.com/reader?book=exo&chapter=11&left=snpd&right=lxxhb | Ps 66-67: https://hiperbiblia.com/reader?book=psa&chapter=66&left=snpd&right=lxxhb | Mk 1: https://hiperbiblia.com/reader?book=mar&chapter=1&left=snpd&right=lxxhb
37,2026-02-06,"2 Księga Mojżesza, rozdział 13 i 14",Psalm 68,"Ewangelia Marka, rozdział 2",Wj 13-14: https://hiperbiblia.com/reader?book=exo&chapter=13&left=snpd&right=lxxhb | Ps 68: https://hiperbiblia.com/reader?book=psa&chapter=68&left=snpd&right=lxxhb | Mk 2: https://hiperbiblia.com/reader?book=mar&chapter=2&left=snpd&right=lxxhb
38,2026-02-07,"2 Księga Mojżesza, rozdział 15",Psalm 69,"Ewangelia Marka, rozdział 3",Wj 15: https://hiperbiblia.com/reader?book=exo&chapter=15&left=snpd&right=lxxhb | Ps 69: https://hiperbiblia.com/reader?book=psa&chapter=69&left=snpd&right=lxxhb | Mk 3: https://hiperbiblia.com/reader?book=mar&chapter=3&left=snpd&right=lxxhb
39,2026-02-08,"2 Księga Mojżesza, rozdział 16",Psalm 70 i 71,"Ewangelia Marka, rozdział 4",Wj 16: https://hiperbiblia.com/reader?book=exo&chapter=16&left=snpd&right=lxxhb | Ps 70-71: https://hiperbiblia.com/reader?book=psa&chapter=70&left=snpd&right=lxxhb | Mk 4: https://hiperbiblia.com/reader?book=mar&chapter=4&left=snpd&right=lxxhb
40,2026-02-09,"2 Księga Mojżesza, rozdział 17 i 18",Psalm 72,"Ewangelia Marka, rozdział 5",Wj 17-18: https://hiperbiblia.com/reader?book=exo&chapter=17&left=snpd&right=lxxhb | Ps 72: https://hiperbiblia.com/reader?book=psa&chapter=72&left=snpd&right=lxxhb | Mk 5: https://hiperbiblia.com/reader?book=mar&chapter=5&left=snpd&right=lxxhb
41,2026-02-10,"2 Księga Mojżesza, rozdział 19 i 20",Psalm 73,"Ewangelia Marka, rozdział 6",Wj 19-20: https://hiperbiblia.com/reader?book=exo&chapter=19&left=snpd&right=lxxhb | Ps 73: https://hiperbiblia.com/reader?book=psa&chapter=73&left=snpd&right=lxxhb | Mk 6: https://hiperbiblia.com/reader?book=mar&chapter=6&left=snpd&right=lxxhb
42,2026-02-11,"2 Księga Mojżesza, rozdział 21",Psalm 74,"Ewangelia Marka, rozdział 7",Wj 21: https://hiperbiblia.com/reader?book=exo&chapter=21&left=snpd&right=lxxhb | Ps 74: https://hiperbiblia.com/reader?book=psa&chapter=74&left=snpd&right=lxxhb | Mk 7: https://hiperbiblia.com/reader?book=mar&chapter=7&left=snpd&right=lxxhb
43,2026-02-12,"2 Księga Mojżesza, rozdział 22",Psalm 75 i 76,"Ewangelia Marka, rozdział 8",Wj 22: https://hiperbiblia.com/reader?book=exo&chapter=22&left=snpd&right=lxxhb | Ps 75-76: https://hiperbiblia.com/reader?book=psa&chapter=75&left=snpd&right=lxxhb | Mk 8: https://hiperbiblia.com/reader?book=mar&chapter=8&left=snpd&right=lxxhb
44,2026-02-13,"2 Księga Mojżesza, rozdział 23",Psalm 77,"Ewangelia Marka, rozdział 9",Wj 23: https://hiperbiblia.com/reader?book=exo&chapter=23&left=snpd&right=lxxhb | Ps 77: https://hiperbiblia.com/reader?book=psa&chapter=77&left=snpd&right=lxxhb | Mk 9: https://hiperbiblia.com/reader?book=mar&chapter=9&left=snpd&right=lxxhb
45,2026-02-14,"2 Księga Mojżesza, rozdział 24 i 25",Psalm 78,"Ewangelia Marka, rozdział 10",Wj 24-25: https://hiperbiblia.com/reader?book=exo&chapter=24&left=snpd&right=lxxhb | Ps 78: https://hiperbiblia.com/reader?book=psa&chapter=78&left=snpd&right=lxxhb | Mk 10: https://hiperbiblia.com/reader?book=mar&chapter=10&left=snpd&right=lxxhb
46,2026-02-15,"2 Księga Mojżesza, rozdział 26",Psalm 79 i 80,"Ewangelia Marka, rozdział 11",Wj 26: https://hiperbiblia.com/reader?book=exo&chapter=26&left=snpd&right=lxxhb | Ps 79-80: https://hiperbiblia.com/reader?book=psa&chapter=79&left=snpd&right=lxxhb | Mk 11: https://hiperbiblia.com/reader?book=mar&chapter=11&left=snpd&right=lxxhb
47,2026-02-16,"2 Księga Mojżesza, rozdział 27",Psalm 81 i 82,"Ewangelia Marka, rozdział 12",Wj 27: https://hiperbiblia.com/reader?book=exo&chapter=27&left=snpd&right=lxxhb | Ps 81-82: https://hiperbiblia.com/reader?book=psa&chapter=81&left=snpd&right=lxxhb | Mk 12: https://hiperbiblia.com/reader?book=mar&chapter=12&left=snpd&right=lxxhb
48,2026-02-17,"2 Księga Mojżesza, rozdział 28",Psalm 83 i 84,"Ewangelia Marka, rozdział 13",Wj 28: https://hiperbiblia.com/reader?book=exo&chapter=28&left=snpd&right=lxxhb | Ps 83-84: https://hiperbiblia.com/reader?book=psa&chapter=83&left=snpd&right=lxxhb | Mk 13: https://hiperbiblia.com/reader?book=mar&chapter=13&left=snpd&right=lxxhb
49,2026-02-18,"2 Księga Mojżesza, rozdział 29",Psalm 85 i 86,"Ewangelia Marka, rozdział 14",Wj 29: https://hiperbiblia.com/reader?book=exo&chapter=29&left=snpd&right=lxxhb | Ps 85-86: https://hiperbiblia.com/reader?book=psa&chapter=85&left=snpd&right=lxxhb | Mk 14: https://hiperbiblia.com/reader?book=mar&chapter=14&left=snpd&right=lxxhb
50,2026-02-19,"2 Księga Mojżesza, rozdział 30",Psalm 87 i 88,"Ewangelia Marka, rozdział 15 i 16",Wj 30: https://hiperbiblia.com/reader?book=exo&chapter=30&left=snpd&right=lxxhb | Ps 87-88: https://hiperbiblia.com/reader?book=psa&chapter=87&left=snpd&right=lxxhb | Mk 15-16: https://hiperbiblia.com/reader?book=mar&chapter=15&left=snpd&right=lxxhb
51,2026-02-20,"2 Księga Mojżesza, rozdział 31 i 32",Psalm 89,"1 List do Koryntian, rozdział 1 i 2",Wj 31-32: https://hiperbiblia.com/reader?book=exo&chapter=31&left=snpd&right=lxxhb | Ps 89: https://hiperbiblia.com/reader?book=psa&chapter=89&left=snpd&right=lxxhb | 1Kor 1-2: https://hiperbiblia.com/reader?book=1co&chapter=1&left=snpd&right=lxxhb
52,2026-02-21,"2 Księga Mojżesza, rozdział 33 i 34",Psalm 90 i 91,"1 List do Koryntian, rozdział 3",Wj 33-34: https://hiperbiblia.com/reader?book=exo&chapter=33&left=snpd&right=lxxhb | Ps 90-91: https://hiperbiblia.com/reader?book=psa&chapter=90&left=snpd&right=lxxhb | 1Kor 3: https://hiperbiblia.com/reader?book=1co&chapter=3&left=snpd&right=lxxhb
53,2026-02-22,"2 Księga Mojżesza, rozdział 35",Psalm 92 i 93,"1 List do Koryntian, rozdział 4 i 5",Wj 35: https://hiperbiblia.com/reader?book=exo&chapter=35&left=snpd&right=lxxhb | Ps 92-93: https://hiperbiblia.com/reader?book=psa&chapter=92&left=snpd&right=lxxhb | 1Kor 4-5: https://hiperbiblia.com/reader?book=1co&chapter=4&left=snpd&right=lxxhb
54,2026-02-23,"2 Księga Mojżesza, rozdział 36",Psalm 94 i 95,"1 List do Koryntian, rozdział 6",Wj 36: https://hiperbiblia.com/reader?book=exo&chapter=36&left=snpd&right=lxxhb | Ps 94-95: https://hiperbiblia.com/reader?book=psa&chapter=94&left=snpd&right=lxxhb | 1Kor 6: https://hiperbiblia.com/reader?book=1co&chapter=6&left=snpd&right=lxxhb
55,2026-02-24,"2 Księga Mojżesza, rozdział 37","Psalm 96, 97, 98 i 99","1 List do Koryntian, rozdział 7",Wj 37: https://hiperbiblia.com/reader?book=exo&chapter=37&left=snpd&right=lxxhb | Ps 96-99: https://hiperbiblia.com/reader?book=psa&chapter=96&left=snpd&right=lxxhb | 1Kor 7: https://hiperbiblia.com/reader?book=1co&chapter=7&left=snpd&right=lxxhb
56,2026-02-25,"2 Księga Mojżesza, rozdział 38",Psalm 100 i 101,"1 List do Koryntian, rozdział 8 i 9",Wj 38: https://hiperbiblia.com/reader?book=exo&chapter=38&left=snpd&right=lxxhb | Ps 100-101: https://hiperbiblia.com/reader?book=psa&chapter=100&left=snpd&right=lxxhb | 1Kor 8-9: https://hiperbiblia.com/reader?book=1co&chapter=8&left=snpd&right=lxxhb
57,2026-02-26,"2 Księga Mojżesza, rozdział 39 i 40",Psalm 102,"1 List do Koryntian, rozdział 10",Wj 39-40: https://hiperbiblia.com/reader?book=exo&chapter=39&left=snpd&right=lxxhb | Ps 102: https://hiperbiblia.com/reader?book=psa&chapter=102&left=snpd&right=lxxhb | 1Kor 10: https://hiperbiblia.com/reader?book=1co&chapter=10&left=snpd&right=lxxhb
58,2026-02-27,"3 Księga Mojżesza, rozdział 1 i 2",Psalm 103,"1 List do Koryntian, rozdział 11",Kpł 1-2: https://hiperbiblia.com/reader?book=lev&chapter=1&left=snpd&right=lxxhb | Ps 103: https://hiperbiblia.com/reader?book=psa&chapter=103&left=snpd&right=lxxhb | 1Kor 11: https://hiperbiblia.com/reader?book=1co&chapter=11&left=snpd&right=lxxhb
59,2026-02-28,"3 Księga Mojżesza, rozdział 3 i 4",Psalm 104,"1 List do Koryntian, rozdział 12 i 13",Kpł 3-4: https://hiperbiblia.com/reader?book=lev&chapter=3&left=snpd&right=lxxhb | Ps 104: https://hiperbiblia.com/reader?book=psa&chapter=104&left=snpd&right=lxxhb | 1Kor 12-13: https://hiperbiblia.com/reader?book=1co&chapter=12&left=snpd&right=lxxhb
60,2026-03-01,"3 Księga Mojżesza, rozdział 5 i 6",Psalm 105,"1 List do Koryntian, rozdział 14",Kpł 5-6: https://hiperbiblia.com/reader?book=lev&chapter=5&left=snpd&right=lxxhb | Ps 105: https://hiperbiblia.com/reader?book=psa&chapter=105&left=snpd&right=lxxhb | 1Kor 14: https://hiperbiblia.com/reader?book=1co&chapter=14&left=snpd&right=lxxhb
61,2026-03-02,"3 Księga Mojżesza, rozdział 7",Psalm 106,"1 List do Koryntian, rozdział 15",Kpł 7: https://hiperbiblia.com/reader?book=lev&chapter=7&left=snpd&right=lxxhb | Ps 106: https://hiperbiblia.com/reader?book=psa&chapter=106&left=snpd&right=lxxhb | 1Kor 15: https://hiperbiblia.com/reader?book=1co&chapter=15&left=snpd&right=lxxhb
62,2026-03-03,"3 Księga Mojżesza, rozdział 8",Psalm 107,"1 List do Koryntian, rozdział 16",Kpł 8: https://hiperbiblia.com/reader?book=lev&chapter=8&left=snpd&right=lxxhb | Ps 107: https://hiperbiblia.com/reader?book=psa&chapter=107&left=snpd&right=lxxhb | 1Kor 16: https://hiperbiblia.com/reader?book=1co&chapter=16&left=snpd&right=lxxhb
63,2026-03-04,"3 Księga Mojżesza, rozdział 9 i 10",Psalm 108 i 109,"2 List do Koryntian, rozdział 1 i 2",Kpł 9-10: https://hiperbiblia.com/reader?book=lev&chapter=9&left=snpd&right=lxxhb | Ps 108-109: https://hiperbiblia.com/reader?book=psa&chapter=108&left=snpd&right=lxxhb | 2Kor 1-2: https://hiperbiblia.com/reader?book=2co&chapter=1&left=snpd&right=lxxhb
64,2026-03-05,"3 Księga Mojżesza, rozdział 11","Psalm 110, 111 i 112","2 List do Koryntian, rozdział 3 i 4",Kpł 11: https://hiperbiblia.com/reader?book=lev&chapter=11&left=snpd&right=lxxhb | Ps 110-112: https://hiperbiblia.com/reader?book=psa&chapter=110&left=snpd&right=lxxhb | 2Kor 3-4: https://hiperbiblia.com/reader?book=2co&chapter=3&left=snpd&right=lxxhb
65,2026-03-06,"3 Księga Mojżesza, rozdział 12 i 13",Psalm 113 i 114,"2 List do Koryntian, rozdział 5, 6 i 7",Kpł 12-13: https://hiperbiblia.com/reader?book=lev&chapter=12&left=snpd&right=lxxhb | Ps 113-114: https://hiperbiblia.com/reader?book=psa&chapter=113&left=snpd&right=lxxhb | 2Kor 5-7: https://hiperbiblia.com/reader?book=2co&chapter=5&left=snpd&right=lxxhb
66,2026-03-07,"3 Księga Mojżesza, rozdział 14",Psalm 115 i 116,"2 List do Koryntian, rozdział 8 i 9",Kpł 14: https://hiperbiblia.com/reader?book=lev&chapter=14&left=snpd&right=lxxhb | Ps 115-116: https://hiperbiblia.com/reader?book=psa&chapter=115&left=snpd&right=lxxhb | 2Kor 8-9: https://hiperbiblia.com/reader?book=2co&chapter=8&left=snpd&right=lxxhb
67,2026-03-08,"3 Księga Mojżesza, rozdział 15",Psalm 117 i 118,"2 List do Koryntian, rozdział 10 i 11",Kpł 15: https://hiperbiblia.com/reader?book=lev&chapter=15&left=snpd&right=lxxhb | Ps 117-118: https://hiperbiblia.com/reader?book=psa&chapter=117&left=snpd&right=lxxhb | 2Kor 10-11: https://hiperbiblia.com/reader?book=2co&chapter=10&left=snpd&right=lxxhb
68,2026-03-09,"3 Księga Mojżesza, rozdział 16","Psalm 119, wersety 1 - 40","2 List do Koryntian, rozdział 12 i 13","Kpł 16: https://hiperbiblia.com/reader?book=lev&chapter=16&left=snpd&right=lxxhb | Ps 119,1-40: https://hiperbiblia.com/reader?book=psa&chapter=119&left=snpd&right=lxxhb | 2Kor 12-13: https://hiperbiblia.com/reader?book=2co&chapter=12&left=snpd&right=lxxhb"
69,2026-03-10,"3 Księga Mojżesza, rozdział 17 i 18","Psalm 119, wersety 41- 80","Ewangelia Łukasza, rozdział 1","Kpł 17-18: https://hiperbiblia.com/reader?book=lev&chapter=17&left=snpd&right=lxxhb | Ps 119,41-80: https://hiperbiblia.com/reader?book=psa&chapter=119&left=snpd&right=lxxhb | Łk 1: https://hiperbiblia.com/reader?book=luk&chapter=1&left=snpd&right=lxxhb"
70,2026-03-11,"3 Księga Mojżesza, rozdział 19","Psalm 119, wersety 81-128","Ewangelia Łukasza, rozdział 2","Kpł 19: https://hiperbiblia.com/reader?book=lev&chapter=19&left=snpd&right=lxxhb | Ps 119,81-128: https://hiperbiblia.com/reader?book=psa&chapter=119&left=snpd&right=lxxhb | Łk 2: https://hiperbiblia.com/reader?book=luk&chapter=2&left=snpd&right=lxxhb"
71,2026-03-12,"3 Księga Mojżesza, rozdział 20","Psalm 119, wersety 129-176","Ewangelia Łukasza, rozdział 3","Kpł 20: https://hiperbiblia.com/reader?book=lev&chapter=20&left=snpd&right=lxxhb | Ps 119,129-176: https://hiperbiblia.com/reader?book=psa&chapter=119&left=snpd&right=lxxhb | Łk 3: https://hiperbiblia.com/reader?book=luk&chapter=3&left=snpd&right=lxxhb"
72,2026-03-13,"3 Księga Mojżesza, rozdział 21","Psalm 120, 121, 122, 123 i 124","Ewangelia Łukasza, rozdział 4",Kpł 21: https://hiperbiblia.com/reader?book=lev&chapter=21&left=snpd&right=lxxhb | Ps 120-124: https://hiperbiblia.com/reader?book=psa&chapter=120&left=snpd&right=lxxhb | Łk 4: https://hiperbiblia.com/reader?book=luk&chapter=4&left=snpd&right=lxxhb
73,2026-03-14,"3 Księga Mojżesza, rozdział 22","Psalm 125, 126 i 127","Ewangelia Łukasza, rozdział 5",Kpł 22: https://hiperbiblia.com/reader?book=lev&chapter=22&left=snpd&right=lxxhb | Ps 125-127: https://hiperbiblia.com/reader?book=psa&chapter=125&left=snpd&right=lxxhb | Łk 5: https://hiperbiblia.com/reader?book=luk&chapter=5&left=snpd&right=lxxhb
74,2026-03-15,"3 Księga Mojżesza, rozdział 23","Psalm 128, 129 i 130","Ewangelia Łukasza, rozdział 6",Kpł 23: https://hiperbiblia.com/reader?book=lev&chapter=23&left=snpd&right=lxxhb | Ps 128-130: https://hiperbiblia.com/reader?book=psa&chapter=128&left=snpd&right=lxxhb | Łk 6: https://hiperbiblia.com/reader?book=luk&chapter=6&left=snpd&right=lxxhb
75,2026-03-16,"3 Księga Mojżesza, rozdział 24","Psalm 131, 132, 133 i 134","Ewangelia Łukasza, rozdział 7",Kpł 24: https://hiperbiblia.com/reader?book=lev&chapter=24&left=snpd&right=lxxhb | Ps 131-134: https://hiperbiblia.com/reader?book=psa&chapter=131&left=snpd&right=lxxhb | Łk 7: https://hiperbiblia.com/reader?book=luk&chapter=7&left=snpd&right=lxxhb
76,2026-03-17,"3 Księga Mojżesza, rozdział 25",Psalm 135 i 136,"Ewangelia Łukasza, rozdział 8",Kpł 25: https://hiperbiblia.com/reader?book=lev&chapter=25&left=snpd&right=lxxhb | Ps 135-136: https://hiperbiblia.com/reader?book=psa&chapter=135&left=snpd&right=lxxhb | Łk 8: https://hiperbiblia.com/reader?book=luk&chapter=8&left=snpd&right=lxxhb
77,2026-03-18,"3 Księga Mojżesza, rozdział 26","Psalm 137, 138 i 139","Ewangelia Łukasza, rozdział 9",Kpł 26: https://hiperbiblia.com/reader?book=lev&chapter=26&left=snpd&right=lxxhb | Ps 137-139: https://hiperbiblia.com/reader?book=psa&chapter=137&left=snpd&right=lxxhb | Łk 9: https://hiperbiblia.com/reader?book=luk&chapter=9&left=snpd&right=lxxhb
78,2026-03-19,"3 Księga Mojżesza, rozdział 27","Psalm 140, 141 i 142","Ewangelia Łukasza, rozdział 10",Kpł 27: https://hiperbiblia.com/reader?book=lev&chapter=27&left=snpd&right=lxxhb | Ps 140-142: https://hiperbiblia.com/reader?book=psa&chapter=140&left=snpd&right=lxxhb | Łk 10: https://hiperbiblia.com/reader?book=luk&chapter=10&left=snpd&right=lxxhb
79,2026-03-20,"4 Księga Mojżesza, rozdział 1",Psalm 143 i 144,"Ewangelia Łukasza, rozdział 11",Lb 1: https://hiperbiblia.com/reader?book=num&chapter=1&left=snpd&right=lxxhb | Ps 143-144: https://hiperbiblia.com/reader?book=psa&chapter=143&left=snpd&right=lxxhb | Łk 11: https://hiperbiblia.com/reader?book=luk&chapter=11&left=snpd&right=lxxhb
80,2026-03-21,"4 Księga Mojżesza, rozdział 2","Psalm 145, 146 i 147","Ewangelia Łukasza, rozdział 12",Lb 2: https://hiperbiblia.com/reader?book=num&chapter=2&left=snpd&right=lxxhb | Ps 145-147: https://hiperbiblia.com/reader?book=psa&chapter=145&left=snpd&right=lxxhb | Łk 12: https://hiperbiblia.com/reader?book=luk&chapter=12&left=snpd&right=lxxhb
81,2026-03-22,"4 Księga Mojżesza, rozdział 3","Psalm 148, 149 i 150","Ewangelia Łukasza, rozdział 13 i 14",Lb 3: https://hiperbiblia.com/reader?book=num&chapter=3&left=snpd&right=lxxhb | Ps 148-150: https://hiperbiblia.com/reader?book=psa&chapter=148&left=snpd&right=lxxhb | Łk 13-14: https://hiperbiblia.com/reader?book=luk&chapter=13&left=snpd&right=lxxhb
82,2026-03-23,"4 Księga Mojżesza, rozdział 4","Księga Przysłów, rozdział 1","Ewangelia Łukasza, rozdział 15",Lb 4: https://hiperbiblia.com/reader?book=num&chapter=4&left=snpd&right=lxxhb | Prz 1: https://hiperbiblia.com/reader?book=pro&chapter=1&left=snpd&right=lxxhb | Łk 15: https://hiperbiblia.com/reader?book=luk&chapter=15&left=snpd&right=lxxhb
83,2026-03-24,"4 Księga Mojżesza, rozdział 5","Księga Przysłów, rozdział 2","Ewangelia Łukasza, rozdział 16",Lb 5: https://hiperbiblia.com/reader?book=num&chapter=5&left=snpd&right=lxxhb | Prz 2: https://hiperbiblia.com/reader?book=pro&chapter=2&left=snpd&right=lxxhb | Łk 16: https://hiperbiblia.com/reader?book=luk&chapter=16&left=snpd&right=lxxhb
84,2026-03-25,"4 Księga Mojżesza, rozdział 6","Księga Przysłów, rozdział 3","Ewangelia Łukasza, rozdział 17",Lb 6: https://hiperbiblia.com/reader?book=num&chapter=6&left=snpd&right=lxxhb | Prz 3: https://hiperbiblia.com/reader?book=pro&chapter=3&left=snpd&right=lxxhb | Łk 17: https://hiperbiblia.com/reader?book=luk&chapter=17&left=snpd&right=lxxhb
85,2026-03-26,"4 Księga Mojżesza, rozdział 7","Księga Przysłów, rozdział 4","Ewangelia Łukasza, rozdział 18",Lb 7: https://hiperbiblia.com/reader?book=num&chapter=7&left=snpd&right=lxxhb | Prz 4: https://hiperbiblia.com/reader?book=pro&chapter=4&left=snpd&right=lxxhb | Łk 18: https://hiperbiblia.com/reader?book=luk&chapter=18&left=snpd&right=lxxhb
86,2026-03-27,"4 Księga Mojżesza, rozdział 8 i 9","Księga Przysłów, rozdział 5","Ewangelia Łukasza, rozdział 19",Lb 8-9: https://hiperbiblia.com/reader?book=num&chapter=8&left=snpd&right=lxxhb | Prz 5: https://hiperbiblia.com/reader?book=pro&chapter=5&left=snpd&right=lxxhb | Łk 19: https://hiperbiblia.com/reader?book=luk&chapter=19&left=snpd&right=lxxhb
87,2026-03-28,"4 Księga Mojżesza, rozdział 10","Księga Przysłów, rozdział 6","Ewangelia Łukasza, rozdział 20",Lb 10: https://hiperbiblia.com/reader?book=num&chapter=10&left=snpd&right=lxxhb | Prz 6: https://hiperbiblia.com/reader?book=pro&chapter=6&left=snpd&right=lxxhb | Łk 20: https://hiperbiblia.com/reader?book=luk&chapter=20&left=snpd&right=lxxhb
88,2026-03-29,"4 Księga Mojżesza, rozdział 11","Księga Przysłów, rozdział 7","Ewangelia Łukasza, rozdział 21",Lb 11: https://hiperbiblia.com/reader?book=num&chapter=11&left=snpd&right=lxxhb | Prz 7: https://hiperbiblia.com/reader?book=pro&chapter=7&left=snpd&right=lxxhb | Łk 21: https://hiperbiblia.com/reader?book=luk&chapter=21&left=snpd&right=lxxhb
89,2026-03-30,"4 Księga Mojżesza, rozdział 12 i 13","Księga Przysłów, rozdział 8 i 9","Ewangelia Łukasza, rozdział 22",Lb 12-13: https://hiperbiblia.com/reader?book=num&chapter=12&left=snpd&right=lxxhb | Prz 8-9: https://hiperbiblia.com/reader?book=pro&chapter=8&left=snpd&right=lxxhb | Łk 22: https://hiperbiblia.com/reader?book=luk&chapter=22&left=snpd&right=lxxhb
90,2026-03-31,"4 Księga Mojżesza, rozdział 14","Księga Przysłów, rozdział 10","Ewangelia Łukasza, rozdział 23",Lb 14: https://hiperbiblia.com/reader?book=num&chapter=14&left=snpd&right=lxxhb | Prz 10: https://hiperbiblia.com/reader?book=pro&chapter=10&left=snpd&right=lxxhb | Łk 23: https://hiperbiblia.com/reader?book=luk&chapter=23&left=snpd&right=lxxhb
91,2026-04-01,"4 Księga Mojżesza, rozdział 15","Księga Przysłów, rozdział 11","Ewangelia Łukasza, rozdział 24",Lb 15: https://hiperbiblia.com/reader?book=num&chapter=15&left=snpd&right=lxxhb | Prz 11: https://hiperbiblia.com/reader?book=pro&chapter=11&left=snpd&right=lxxhb | Łk 24: https://hiperbiblia.com/reader?book=luk&chapter=24&left=snpd&right=lxxhb
92,2026-04-02,"4 Księga Mojżesza, rozdział 16","Księga Przysłów, rozdział 12","List do Galacjan, rozdział 1 i 2",Lb 16: https://hiperbiblia.com/reader?book=num&chapter=16&left=snpd&right=lxxhb | Prz 12: https://hiperbiblia.com/reader?book=pro&chapter=12&left=snpd&right=lxxhb | Ga 1-2: https://hiperbiblia.com/reader?book=gal&chapter=1&left=snpd&right=lxxhb
93,2026-04-03,"4 Księga Mojżesza, rozdział 17 i 18","Księga Przysłów, rozdział 13","List do Galacjan, rozdział 3 i 4",Lb 17-18: https://hiperbiblia.com/reader?book=num&chapter=17&left=snpd&right=lxxhb | Prz 13: https://hiperbiblia.com/reader?book=pro&chapter=13&left=snpd&right=lxxhb | Ga 3-4: https://hiperbiblia.com/reader?book=gal&chapter=3&left=snpd&right=lxxhb
94,2026-04-04,"4 Księga Mojżesza, rozdział 19","Księga Przysłów, rozdział 14","List do Galacjan, rozdział 5 i 6",Lb 19: https://hiperbiblia.com/reader?book=num&chapter=19&left=snpd&right=lxxhb | Prz 14: https://hiperbiblia.com/reader?book=pro&chapter=14&left=snpd&right=lxxhb | Ga 5-6: https://hiperbiblia.com/reader?book=gal&chapter=5&left=snpd&right=lxxhb
95,2026-04-05,"4 Księga Mojżesza, rozdział 20 i 21","Księga Przysłów, rozdział 15","List do Efezjan, rozdział 1 i 2",Lb 20-21: https://hiperbiblia.com/reader?book=num&chapter=20&left=snpd&right=lxxhb | Prz 15: https://hiperbiblia.com/reader?book=pro&chapter=15&left=snpd&right=lxxhb | Ef 1-2: https://hiperbiblia.com/reader?book=eph&chapter=1&left=snpd&right=lxxhb
96,2026-04-06,"4 Księga Mojżesza, rozdział 22 i 23","Księga Przysłów, rozdział 16","List do Efezjan, rozdział 3 i 4",Lb 22-23: https://hiperbiblia.com/reader?book=num&chapter=22&left=snpd&right=lxxhb | Prz 16: https://hiperbiblia.com/reader?book=pro&chapter=16&left=snpd&right=lxxhb | Ef 3-4: https://hiperbiblia.com/reader?book=eph&chapter=3&left=snpd&right=lxxhb
97,2026-04-07,"4 Księga Mojżesza, rozdział 24 i 25","Księga Przysłów, rozdział 17","List do Efezjan, rozdział 5 i 6",Lb 24-25: https://hiperbiblia.com/reader?book=num&chapter=24&left=snpd&right=lxxhb | Prz 17: https://hiperbiblia.com/reader?book=pro&chapter=17&left=snpd&right=lxxhb | Ef 5-6: https://hiperbiblia.com/reader?book=eph&chapter=5&left=snpd&right=lxxhb
98,2026-04-08,"4 Księga Mojżesza, rozdział 26","Księga Przysłów, rozdział 18","List do Filipian, rozdział 1 i 2",Lb 26: https://hiperbiblia.com/reader?book=num&chapter=26&left=snpd&right=lxxhb | Prz 18: https://hiperbiblia.com/reader?book=pro&chapter=18&left=snpd&right=lxxhb | Flp 1-2: https://hiperbiblia.com/reader?book=phi&chapter=1&left=snpd&right=lxxhb
99,2026-04-09,"4 Księga Mojżesza, rozdział 27","Księga Przysłów, rozdział 19","List do Filipian, rozdział 3 i 4",Lb 27: https://hiperbiblia.com/reader?book=num&chapter=27&left=snpd&right=lxxhb | Prz 19: https://hiperbiblia.com/reader?book=pro&chapter=19&left=snpd&right=lxxhb | Flp 3-4: https://hiperbiblia.com/reader?book=phi&chapter=3&left=snpd&right=lxxhb
100,2026-04-10,"4 Księga Mojżesza, rozdział 28","Księga Przysłów, rozdział 20","Ewangelia Jana, rozdział 1",Lb 28: https://hiperbiblia.com/reader?book=num&chapter=28&left=snpd&right=lxxhb | Prz 20: https://hiperbiblia.com/reader?book=pro&chapter=20&left=snpd&right=lxxhb | J 1: https://hiperbiblia.com/reader?book=joh&chapter=1&left=snpd&right=lxxhb
101,2026-04-11,"4 Księga Mojżesza, rozdział 29 i 30","Księga Przysłów, rozdział 21","Ewangelia Jana, rozdział 2 i 3",Lb 29-30: https://hiperbiblia.com/reader?book=num&chapter=29&left=snpd&right=lxxhb | Prz 21: https://hiperbiblia.com/reader?book=pro&chapter=21&left=snpd&right=lxxhb | J 2-3: https://hiperbiblia.com/reader?book=joh&chapter=2&left=snpd&right=lxxhb
102,2026-04-12,"4 Księga Mojżesza, rozdział 31","Księga Przysłów, rozdział 22","Ewangelia Jana, rozdział 4",Lb 31: https://hiperbiblia.com/reader?book=num&chapter=31&left=snpd&right=lxxhb | Prz 22: https://hiperbiblia.com/reader?book=pro&chapter=22&left=snpd&right=lxxhb | J 4: https://hiperbiblia.com/reader?book=joh&chapter=4&left=snpd&right=lxxhb
103,2026-04-13,"4 Księga Mojżesza, rozdział 32","Księga Przysłów, rozdział 23","Ewangelia Jana, rozdział 5",Lb 32: https://hiperbiblia.com/reader?book=num&chapter=32&left=snpd&right=lxxhb | Prz 23: https://hiperbiblia.com/reader?book=pro&chapter=23&left=snpd&right=lxxhb | J 5: https://hiperbiblia.com/reader?book=joh&chapter=5&left=snpd&right=lxxhb
104,2026-04-14,"4 Księga Mojżesza, rozdział 33","Księga Przysłów, rozdział 24","Ewangelia Jana, rozdział 6",Lb 33: https://hiperbiblia.com/reader?book=num&chapter=33&left=snpd&right=lxxhb | Prz 24: https://hiperbiblia.com/reader?book=pro&chapter=24&left=snpd&right=lxxhb | J 6: https://hiperbiblia.com/reader?book=joh&chapter=6&left=snpd&right=lxxhb
105,2026-04-15,"4 Księga Mojżesza, rozdział 34","Księga Przysłów, rozdział 25","Ewangelia Jana, rozdział 7",Lb 34: https://hiperbiblia.com/reader?book=num&chapter=34&left=snpd&right=lxxhb | Prz 25: https://hiperbiblia.com/reader?book=pro&chapter=25&left=snpd&right=lxxhb | J 7: https://hiperbiblia.com/reader?book=joh&chapter=7&left=snpd&right=lxxhb
106,2026-04-16,"4 Księga Mojżesza, rozdział 35","Księga Przysłów, rozdział 26","Ewangelia Jana, rozdział 8",Lb 35: https://hiperbiblia.com/reader?book=num&chapter=35&left=snpd&right=lxxhb | Prz 26: https://hiperbiblia.com/reader?book=pro&chapter=26&left=snpd&right=lxxhb | J 8: https://hiperbiblia.com/reader?book=joh&chapter=8&left=snpd&right=lxxhb
107,2026-04-17,"4 Księga Mojżesza, rozdział 36","Księga Przysłów, rozdział 27","Ewangelia Jana, rozdział 9 i 10",Lb 36: https://hiperbiblia.com/reader?book=num&chapter=36&left=snpd&right=lxxhb | Prz 27: https://hiperbiblia.com/reader?book=pro&chapter=27&left=snpd&right=lxxhb | J 9-10: https://hiperbiblia.com/reader?book=joh&chapter=9&left=snpd&right=lxxhb
108,2026-04-18,"5 Księga Mojżesza, rozdział 1","Księga Przysłów, rozdział 28","Ewangelia Jana, rozdział 11",Pwt 1: https://hiperbiblia.com/reader?book=deu&chapter=1&left=snpd&right=lxxhb | Prz 28: https://hiperbiblia.com/reader?book=pro&chapter=28&left=snpd&right=lxxhb | J 11: https://hiperbiblia.com/reader?book=joh&chapter=11&left=snpd&right=lxxhb
109,2026-04-19,"5 Księga Mojżesza, rozdział 2","Księga Przysłów, rozdział 29","Ewangelia Jana, rozdział 12",Pwt 2: https://hiperbiblia.com/reader?book=deu&chapter=2&left=snpd&right=lxxhb | Prz 29: https://hiperbiblia.com/reader?book=pro&chapter=29&left=snpd&right=lxxhb | J 12: https://hiperbiblia.com/reader?book=joh&chapter=12&left=snpd&right=lxxhb
110,2026-04-20,"5 Księga Mojżesza, rozdział 3","Księga Przysłów, rozdział 30","Ewangelia Jana, rozdział 13 i 14",Pwt 3: https://hiperbiblia.com/reader?book=deu&chapter=3&left=snpd&right=lxxhb | Prz 30: https://hiperbiblia.com/reader?book=pro&chapter=30&left=snpd&right=lxxhb | J 13-14: https://hiperbiblia.com/reader?book=joh&chapter=13&left=snpd&right=lxxhb
111,2026-04-21,"5 Księga Mojżesza, rozdział 4","Księga Przysłów, rozdział 31","Ewangelia Jana, rozdział 15 i 16",Pwt 4: https://hiperbiblia.com/reader?book=deu&chapter=4&left=snpd&right=lxxhb | Prz 31: https://hiperbiblia.com/reader?book=pro&chapter=31&left=snpd&right=lxxhb | J 15-16: https://hiperbiblia.com/reader?book=joh&chapter=15&left=snpd&right=lxxhb
112,2026-04-22,"5 Księga Mojżesza, rozdział 5","Księga Koheleta, rozdział 1","Ewangelia Jana, rozdział 17 i 18",Pwt 5: https://hiperbiblia.com/reader?book=deu&chapter=5&left=snpd&right=lxxhb | Koh 1: https://hiperbiblia.com/reader?book=ecc&chapter=1&left=snpd&right=lxxhb | J 17-18: https://hiperbiblia.com/reader?book=joh&chapter=17&left=snpd&right=lxxhb
113,2026-04-23,"5 Księga Mojżesza, rozdział 6 i 7","Księga Koheleta, rozdział 2","Ewangelia Jana, rozdział 19",Pwt 6-7: https://hiperbiblia.com/reader?book=deu&chapter=6&left=snpd&right=lxxhb | Koh 2: https://hiperbiblia.com/reader?book=ecc&chapter=2&left=snpd&right=lxxhb | J 19: https://hiperbiblia.com/reader?book=joh&chapter=19&left=snpd&right=lxxhb
114,2026-04-24,"5 Księga Mojżesza, rozdział 8 i 9","Księga Koheleta, rozdział 3","Ewangelia Jana, rozdział 20 i 21",Pwt 8-9: https://hiperbiblia.com/reader?book=deu&chapter=8&left=snpd&right=lxxhb | Koh 3: https://hiperbiblia.com/reader?book=ecc&chapter=3&left=snpd&right=lxxhb | J 20-21: https://hiperbiblia.com/reader?book=joh&chapter=20&left=snpd&right=lxxhb
115,2026-04-25,"5 Księga Mojżesza, rozdział 10 i 11","Księga Koheleta, rozdział 4","Dzieje Apostolskie, rozdział 1",Pwt 10-11: https://hiperbiblia.com/reader?book=deu&chapter=10&left=snpd&right=lxxhb | Koh 4: https://hiperbiblia.com/reader?book=ecc&chapter=4&left=snpd&right=lxxhb | Dz 1: https://hiperbiblia.com/reader?book=act&chapter=1&left=snpd&right=lxxhb
116,2026-04-26,"5 Księga Mojżesza, rozdział 12","Księga Koheleta, rozdział 5","Dzieje Apostolskie, rozdział 2",Pwt 12: https://hiperbiblia.com/reader?book=deu&chapter=12&left=snpd&right=lxxhb | Koh 5: https://hiperbiblia.com/reader?book=ecc&chapter=5&left=snpd&right=lxxhb | Dz 2: https://hiperbiblia.com/reader?book=act&chapter=2&left=snpd&right=lxxhb
117,2026-04-27,"5 Księga Mojżesza, rozdział 13 i 14","Księga Koheleta, rozdział 6","Dzieje Apostolskie, rozdział 3 i 4",Pwt 13-14: https://hiperbiblia.com/reader?book=deu&chapter=13&left=snpd&right=lxxhb | Koh 6: https://hiperbiblia.com/reader?book=ecc&chapter=6&left=snpd&right=lxxhb | Dz 3-4: https://hiperbiblia.com/reader?book=act&chapter=3&left=snpd&right=lxxhb
118,2026-04-28,"5 Księga Mojżesza, rozdział 15","Księga Koheleta, rozdział 7","Dzieje Apostolskie, rozdział 5 i 6",Pwt 15: https://hiperbiblia.com/reader?book=deu&chapter=15&left=snpd&right=lxxhb | Koh 7: https://hiperbiblia.com/reader?book=ecc&chapter=7&left=snpd&right=lxxhb | Dz 5-6: https://hiperbiblia.com/reader?book=act&chapter=5&left=snpd&right=lxxhb
119,2026-04-29,"5 Księga Mojżesza, rozdział 16","Księga Koheleta, rozdział 8","Dzieje Apostolskie, rozdział 7",Pwt 16: https://hiperbiblia.com/reader?book=deu&chapter=16&left=snpd&right=lxxhb | Koh 8: https://hiperbiblia.com/reader?book=ecc&chapter=8&left=snpd&right=lxxhb | Dz 7: https://hiperbiblia.com/reader?book=act&chapter=7&left=snpd&right=lxxhb
120,2026-04-30,"5 Księga Mojżesza, rozdział 17","Księga Koheleta, rozdział 9","Dzieje Apostolskie, rozdział 8",Pwt 17: https://hiperbiblia.com/reader?book=deu&chapter=17&left=snpd&right=lxxhb | Koh 9: https://hiperbiblia.com/reader?book=ecc&chapter=9&left=snpd&right=lxxhb | Dz 8: https://hiperbiblia.com/reader?book=act&chapter=8&left=snpd&right=lxxhb
121,2026-05-01,"5 Księga Mojżesza, rozdział 18","Księga Koheleta, rozdział 10","Dzieje Apostolskie, rozdział 9",Pwt 18: https://hiperbiblia.com/reader?book=deu&chapter=18&left=snpd&right=lxxhb | Koh 10: https://hiperbiblia.com/reader?book=ecc&chapter=10&left=snpd&right=lxxhb | Dz 9: https://hiperbiblia.com/reader?book=act&chapter=9&left=snpd&right=lxxhb
122,2026-05-02,"5 Księga Mojżesza, rozdział 19","Księga Koheleta, rozdział 11","Dzieje Apostolskie, rozdział 10",Pwt 19: https://hiperbiblia.com/reader?book=deu&chapter=19&left=snpd&right=lxxhb | Koh 11: https://hiperbiblia.com/reader?book=ecc&chapter=11&left=snpd&right=lxxhb | Dz 10: https://hiperbiblia.com/reader?book=act&chapter=10&left=snpd&right=lxxhb
123,2026-05-03,"5 Księga Mojżesza, rozdział 20","Księga Koheleta, rozdział 12","Dzieje Apostolskie, rozdział 11 i 12",Pwt 20: https://hiperbiblia.com/reader?book=deu&chapter=20&left=snpd&right=lxxhb | Koh 12: https://hiperbiblia.com/reader?book=ecc&chapter=12&left=snpd&right=lxxhb | Dz 11-12: https://hiperbiblia.com/reader?book=act&chapter=11&left=snpd&right=lxxhb
124,2026-05-04,"5 Księga Mojżesza, rozdział 21","Pieśń nad Pieśniami, rozdział 1","Dzieje Apostolskie, rozdział 13",Pwt 21: https://hiperbiblia.com/reader?book=deu&chapter=21&left=snpd&right=lxxhb | Pnp 1: https://hiperbiblia.com/reader?book=sol&chapter=1&left=snpd&right=lxxhb | Dz 13: https://hiperbiblia.com/reader?book=act&chapter=13&left=snpd&right=lxxhb
125,2026-05-05,"5 Księga Mojżesza, rozdział 22","Pieśń nad Pieśniami, rozdział 2","Dzieje Apostolskie, rozdział 14 i 15",Pwt 22: https://hiperbiblia.com/reader?book=deu&chapter=22&left=snpd&right=lxxhb | Pnp 2: https://hiperbiblia.com/reader?book=sol&chapter=2&left=snpd&right=lxxhb | Dz 14-15: https://hiperbiblia.com/reader?book=act&chapter=14&left=snpd&right=lxxhb
126,2026-05-06,"5 Księga Mojżesza, rozdział 23","Pieśń nad Pieśniami, rozdział 3","Dzieje Apostolskie, rozdział 16 i 17",Pwt 23: https://hiperbiblia.com/reader?book=deu&chapter=23&left=snpd&right=lxxhb | Pnp 3: https://hiperbiblia.com/reader?book=sol&chapter=3&left=snpd&right=lxxhb | Dz 16-17: https://hiperbiblia.com/reader?book=act&chapter=16&left=snpd&right=lxxhb
127,2026-05-07,"5 Księga Mojżesza, rozdział 24","Pieśń nad Pieśniami, rozdział 4","Dzieje Apostolskie, rozdział 18 i 19",Pwt 24: https://hiperbiblia.com/reader?book=deu&chapter=24&left=snpd&right=lxxhb | Pnp 4: https://hiperbiblia.com/reader?book=sol&chapter=4&left=snpd&right=lxxhb | Dz 18-19: https://hiperbiblia.com/reader?book=act&chapter=18&left=snpd&right=lxxhb
128,2026-05-08,"5 Księga Mojżesza, rozdział 25","Pieśń nad Pieśniami, rozdział 5","Dzieje Apostolskie, rozdział 20",Pwt 25: https://hiperbiblia.com/reader?book=deu&chapter=25&left=snpd&right=lxxhb | Pnp 5: https://hiperbiblia.com/reader?book=sol&chapter=5&left=snpd&right=lxxhb | Dz 20: https://hiperbiblia.com/reader?book=act&chapter=20&left=snpd&right=lxxhb
129,2026-05-09,"5 Księga Mojżesza, rozdział 26","Pieśń nad Pieśniami, rozdział 6","Dzieje Apostolskie, rozdział 21 i 22",Pwt 26: https://hiperbiblia.com/reader?book=deu&chapter=26&left=snpd&right=lxxhb | Pnp 6: https://hiperbiblia.com/reader?book=sol&chapter=6&left=snpd&right=lxxhb | Dz 21-22: https://hiperbiblia.com/reader?book=act&chapter=21&left=snpd&right=lxxhb
130,2026-05-10,"5 Księga Mojżesza, rozdział 27","Pieśń nad Pieśniami, rozdział 7","Dzieje Apostolskie, rozdział 23 i 24",Pwt 27: https://hiperbiblia.com/reader?book=deu&chapter=27&left=snpd&right=lxxhb | Pnp 7: https://hiperbiblia.com/reader?book=sol&chapter=7&left=snpd&right=lxxhb | Dz 23-24: https://hiperbiblia.com/reader?book=act&chapter=23&left=snpd&right=lxxhb
131,2026-05-11,"5 Księga Mojżesza, rozdział 28","Pieśń nad Pieśniami, rozdział 8","Dzieje Apostolskie, rozdział 25 i 26",Pwt 28: https://hiperbiblia.com/reader?book=deu&chapter=28&left=snpd&right=lxxhb | Pnp 8: https://hiperbiblia.com/reader?book=sol&chapter=8&left=snpd&right=lxxhb | Dz 25-26: https://hiperbiblia.com/reader?book=act&chapter=25&left=snpd&right=lxxhb
132,2026-05-12,"5 Księga Mojżesza, rozdział 29","Księga Izajasza, rozdział 1","Dzieje Apostolskie, rozdział 27",Pwt 29: https://hiperbiblia.com/reader?book=deu&chapter=29&left=snpd&right=lxxhb | Iz 1: https://hiperbiblia.com/reader?book=isa&chapter=1&left=snpd&right=lxxhb | Dz 27: https://hiperbiblia.com/reader?book=act&chapter=27&left=snpd&right=lxxhb
133,2026-05-13,"5 Księga Mojżesza, rozdział 30","Księga Izajasza, rozdział 2","Dzieje Apostolskie, rozdział 28",Pwt 30: https://hiperbiblia.com/reader?book=deu&chapter=30&left=snpd&right=lxxhb | Iz 2: https://hiperbiblia.com/reader?book=isa&chapter=2&left=snpd&right=lxxhb | Dz 28: https://hiperbiblia.com/reader?book=act&chapter=28&left=snpd&right=lxxhb
134,2026-05-14,"5 Księga Mojżesza, rozdział 31","Księga Izajasza, rozdział 3 i 4","List do Kolosan, rozdział 1",Pwt 31: https://hiperbiblia.com/reader?book=deu&chapter=31&left=snpd&right=lxxhb | Iz 3-4: https://hiperbiblia.com/reader?book=isa&chapter=3&left=snpd&right=lxxhb | Kol 1: https://hiperbiblia.com/reader?book=col&chapter=1&left=snpd&right=lxxhb
135,2026-05-15,"5 Księga Mojżesza, rozdział 32","Księga Izajasza, rozdział 5","List do Kolosan, rozdział 2",Pwt 32: https://hiperbiblia.com/reader?book=deu&chapter=32&left=snpd&right=lxxhb | Iz 5: https://hiperbiblia.com/reader?book=isa&chapter=5&left=snpd&right=lxxhb | Kol 2: https://hiperbiblia.com/reader?book=col&chapter=2&left=snpd&right=lxxhb
136,2026-05-16,"5 Księga Mojżesza, rozdział 33;34","Księga Izajasza, rozdział 6","List do Kolosan, rozdział 3 i 4",Pwt 33-34: https://hiperbiblia.com/reader?book=deu&chapter=33&left=snpd&right=lxxhb | Iz 6: https://hiperbiblia.com/reader?book=isa&chapter=6&left=snpd&right=lxxhb | Kol 3-4: https://hiperbiblia.com/reader?book=col&chapter=3&left=snpd&right=lxxhb
137,2026-05-17,"Księga Jozuego, rozdział 1","Księga Izajasza, rozdział 7","1 List do Tesaloniczan, rozdział 1 i 2",Joz 1: https://hiperbiblia.com/reader?book=jos&chapter=1&left=snpd&right=lxxhb | Iz 7: https://hiperbiblia.com/reader?book=isa&chapter=7&left=snpd&right=lxxhb | 1Tes 1-2: https://hiperbiblia.com/reader?book=1th&chapter=1&left=snpd&right=lxxhb
138,2026-05-18,"Księga Jozuego, rozdział 2","Księga Izajasza, rozdział 8","1 List do Tesaloniczan, rozdział 3 i 4",Joz 2: https://hiperbiblia.com/reader?book=jos&chapter=2&left=snpd&right=lxxhb | Iz 8: https://hiperbiblia.com/reader?book=isa&chapter=8&left=snpd&right=lxxhb | 1Tes 3-4: https://hiperbiblia.com/reader?book=1th&chapter=3&left=snpd&right=lxxhb
139,2026-05-19,"Księga Jozuego, rozdział 3 i 4","Księga Izajasza, rozdział 9","1 List do Tesaloniczan, rozdział 5",Joz 3-4: https://hiperbiblia.com/reader?book=jos&chapter=3&left=snpd&right=lxxhb | Iz 9: https://hiperbiblia.com/reader?book=isa&chapter=9&left=snpd&right=lxxhb | 1Tes 5: https://hiperbiblia.com/reader?book=1th&chapter=5&left=snpd&right=lxxhb
140,2026-05-20,"Księga Jozuego, rozdział 5 i 6","Księga Izajasza, rozdział 10","2 List do Tesaloniczan, rozdział 1 i 2",Joz 5-6: https://hiperbiblia.com/reader?book=jos&chapter=5&left=snpd&right=lxxhb | Iz 10: https://hiperbiblia.com/reader?book=isa&chapter=10&left=snpd&right=lxxhb | 2Tes 1-2: https://hiperbiblia.com/reader?book=2th&chapter=1&left=snpd&right=lxxhb
141,2026-05-21,"Księga Jozuego, rozdział 7","Księga Izajasza, rozdział 11","2 List do Tesaloniczan, rozdział 3",Joz 7: https://hiperbiblia.com/reader?book=jos&chapter=7&left=snpd&right=lxxhb | Iz 11: https://hiperbiblia.com/reader?book=isa&chapter=11&left=snpd&right=lxxhb | 2Tes 3: https://hiperbiblia.com/reader?book=2th&chapter=3&left=snpd&right=lxxhb
142,2026-05-22,"Księga Jozuego, rozdział 8","Księga Izajasza, rozdział 12","1 List do Tymoteusza, rozdział 1, 2 i 3",Joz 8: https://hiperbiblia.com/reader?book=jos&chapter=8&left=snpd&right=lxxhb | Iz 12: https://hiperbiblia.com/reader?book=isa&chapter=12&left=snpd&right=lxxhb | 1Tm 1-3: https://hiperbiblia.com/reader?book=1ti&chapter=1&left=snpd&right=lxxhb
143,2026-05-23,"Księga Jozuego, rozdział 9","Księga Izajasza, rozdział 13","1 List do Tymoteusza, rozdział 4 i 5",Joz 9: https://hiperbiblia.com/reader?book=jos&chapter=9&left=snpd&right=lxxhb | Iz 13: https://hiperbiblia.com/reader?book=isa&chapter=13&left=snpd&right=lxxhb | 1Tm 4-5: https://hiperbiblia.com/reader?book=1ti&chapter=4&left=snpd&right=lxxhb
144,2026-05-24,"Księga Jozuego, rozdział 10","Księga Izajasza, rozdział 14","1 List do Tymoteusza, rozdział 6",Joz 10: https://hiperbiblia.com/reader?book=jos&chapter=10&left=snpd&right=lxxhb | Iz 14: https://hiperbiblia.com/reader?book=isa&chapter=14&left=snpd&right=lxxhb | 1Tm 6: https://hiperbiblia.com/reader?book=1ti&chapter=6&left=snpd&right=lxxhb
145,2026-05-25,"Księga Jozuego, rozdział 11","Księga Izajasza, rozdział 15","2 List do Tymoteusza, rozdział 1",Joz 11: https://hiperbiblia.com/reader?book=jos&chapter=11&left=snpd&right=lxxhb | Iz 15: https://hiperbiblia.com/reader?book=isa&chapter=15&left=snpd&right=lxxhb | 2Tm 1: https://hiperbiblia.com/reader?book=2ti&chapter=1&left=snpd&right=lxxhb
146,2026-05-26,"Księga Jozuego, rozdział 12","Księga Izajasza, rozdział 16","2 List do Tymoteusza, rozdział 2",Joz 12: https://hiperbiblia.com/reader?book=jos&chapter=12&left=snpd&right=lxxhb | Iz 16: https://hiperbiblia.com/reader?book=isa&chapter=16&left=snpd&right=lxxhb | 2Tm 2: https://hiperbiblia.com/reader?book=2ti&chapter=2&left=snpd&right=lxxhb
147,2026-05-27,"Księga Jozuego, rozdział 13","Księga Izajasza, rozdział 17 i 18","2 List do Tymoteusza, rozdział 3 i 4",Joz 13: https://hiperbiblia.com/reader?book=jos&chapter=13&left=snpd&right=lxxhb | Iz 17-18: https://hiperbiblia.com/reader?book=isa&chapter=17&left=snpd&right=lxxhb | 2Tm 3-4: https://hiperbiblia.com/reader?book=2ti&chapter=3&left=snpd&right=lxxhb
148,2026-05-28,"Księga Jozuego, rozdział 14","Księga Izajasza, rozdział 19",List do Tytusa,Joz 14: https://hiperbiblia.com/reader?book=jos&chapter=14&left=snpd&right=lxxhb | Iz 19: https://hiperbiblia.com/reader?book=isa&chapter=19&left=snpd&right=lxxhb | Tt 1: https://hiperbiblia.com/reader?book=tit&chapter=1&left=snpd&right=lxxhb
149,2026-05-29,"Księga Jozuego, rozdział 15","Księga Izajasza, rozdział 20 i 21",List do Filemona,Joz 15: https://hiperbiblia.com/reader?book=jos&chapter=15&left=snpd&right=lxxhb | Iz 20-21: https://hiperbiblia.com/reader?book=isa&chapter=20&left=snpd&right=lxxhb | Flm 1: https://hiperbiblia.com/reader?book=phm&chapter=1&left=snpd&right=lxxhb
150,2026-05-30,"Księga Jozuego, rozdział 16","Księga Izajasza, rozdział 22","List do Hebrajczyków, rozdział 1 i 2",Joz 16: https://hiperbiblia.com/reader?book=jos&chapter=16&left=snpd&right=lxxhb | Iz 22: https://hiperbiblia.com/reader?book=isa&chapter=22&left=snpd&right=lxxhb | Hbr 1-2: https://hiperbiblia.com/reader?book=heb&chapter=1&left=snpd&right=lxxhb
151,2026-05-31,"Księga Jozuego, rozdział 17","Księga Izajasza, rozdział 23","List do Hebrajczyków, rozdział 3, 4 i 5",Joz 17: https://hiperbiblia.com/reader?book=jos&chapter=17&left=snpd&right=lxxhb | Iz 23: https://hiperbiblia.com/reader?book=isa&chapter=23&left=snpd&right=lxxhb | Hbr 3-5: https://hiperbiblia.com/reader?book=heb&chapter=3&left=snpd&right=lxxhb
152,2026-06-01,"Księga Jozuego, rozdział 18","Księga Izajasza, rozdział 24","List do Hebrajczyków, rozdział 6 i 7",Joz 18: https://hiperbiblia.com/reader?book=jos&chapter=18&left=snpd&right=lxxhb | Iz 24: https://hiperbiblia.com/reader?book=isa&chapter=24&left=snpd&right=lxxhb | Hbr 6-7: https://hiperbiblia.com/reader?book=heb&chapter=6&left=snpd&right=lxxhb
153,2026-06-02,"Księga Jozuego, rozdział 19","Księga Izajasza, rozdział 25","List do Hebrajczyków, rozdział 8 i 9",Joz 19: https://hiperbiblia.com/reader?book=jos&chapter=19&left=snpd&right=lxxhb | Iz 25: https://hiperbiblia.com/reader?book=isa&chapter=25&left=snpd&right=lxxhb | Hbr 8-9: https://hiperbiblia.com/reader?book=heb&chapter=8&left=snpd&right=lxxhb
154,2026-06-03,"Księga Jozuego, rozdział 20 i 21","Księga Izajasza, rozdział 26 i 27","List do Hebrajczyków, rozdział 10",Joz 20-21: https://hiperbiblia.com/reader?book=jos&chapter=20&left=snpd&right=lxxhb | Iz 26-27: https://hiperbiblia.com/reader?book=isa&chapter=26&left=snpd&right=lxxhb | Hbr 10: https://hiperbiblia.com/reader?book=heb&chapter=10&left=snpd&right=lxxhb
155,2026-06-04,"Księga Jozuego, rozdział 22","Księga Izajasza, rozdział 28","List do Hebrajczyków, rozdział 11",Joz 22: https://hiperbiblia.com/reader?book=jos&chapter=22&left=snpd&right=lxxhb | Iz 28: https://hiperbiblia.com/reader?book=isa&chapter=28&left=snpd&right=lxxhb | Hbr 11: https://hiperbiblia.com/reader?book=heb&chapter=11&left=snpd&right=lxxhb
156,2026-06-05,"Księga Jozuego, rozdział 23 i 24","Księga Izajasza, rozdział 29","List do Hebrajczyków, rozdział 12",Joz 23-24: https://hiperbiblia.com/reader?book=jos&chapter=23&left=snpd&right=lxxhb | Iz 29: https://hiperbiblia.com/reader?book=isa&chapter=29&left=snpd&right=lxxhb | Hbr 12: https://hiperbiblia.com/reader?book=heb&chapter=12&left=snpd&right=lxxhb
157,2026-06-06,"Księga Sędziów, rozdział 1","Księga Izajasza, rozdział 30","List do Hebrajczyków, rozdział 13",Sdz 1: https://hiperbiblia.com/reader?book=jdg&chapter=1&left=snpd&right=lxxhb | Iz 30: https://hiperbiblia.com/reader?book=isa&chapter=30&left=snpd&right=lxxhb | Hbr 13: https://hiperbiblia.com/reader?book=heb&chapter=13&left=snpd&right=lxxhb
158,2026-06-07,"Księga Sędziów, rozdział 2 i 3","Księga Izajasza, rozdział 31","List Jakuba,  rozdział 1",Sdz 2-3: https://hiperbiblia.com/reader?book=jdg&chapter=2&left=snpd&right=lxxhb | Iz 31: https://hiperbiblia.com/reader?book=isa&chapter=31&left=snpd&right=lxxhb | Jk 1: https://hiperbiblia.com/reader?book=jam&chapter=1&left=snpd&right=lxxhb
159,2026-06-08,"Księga Sędziów, rozdział 4 i 5","Księga Izajasza, rozdział 32","List Jakuba,  rozdział 2",Sdz 4-5: https://hiperbiblia.com/reader?book=jdg&chapter=4&left=snpd&right=lxxhb | Iz 32: https://hiperbiblia.com/reader?book=isa&chapter=32&left=snpd&right=lxxhb | Jk 2: https://hiperbiblia.com/reader?book=jam&chapter=2&left=snpd&right=lxxhb
160,2026-06-09,"Księga Sędziów, rozdział 6","Księga Izajasza, rozdział 33","List Jakuba,  rozdział 3 i 4",Sdz 6: https://hiperbiblia.com/reader?book=jdg&chapter=6&left=snpd&right=lxxhb | Iz 33: https://hiperbiblia.com/reader?book=isa&chapter=33&left=snpd&right=lxxhb | Jk 3-4: https://hiperbiblia.com/reader?book=jam&chapter=3&left=snpd&right=lxxhb
161,2026-06-10,"Księga Sędziów, rozdział 7 i 8","Księga Izajasza, rozdział 34","List Jakuba,  rozdział 5",Sdz 7-8: https://hiperbiblia.com/reader?book=jdg&chapter=7&left=snpd&right=lxxhb | Iz 34: https://hiperbiblia.com/reader?book=isa&chapter=34&left=snpd&right=lxxhb | Jk 5: https://hiperbiblia.com/reader?book=jam&chapter=5&left=snpd&right=lxxhb
162,2026-06-11,"Księga Sędziów, rozdział 9","Księga Izajasza, rozdział 35","1 List Piotra,  rozdział 1",Sdz 9: https://hiperbiblia.com/reader?book=jdg&chapter=9&left=snpd&right=lxxhb | Iz 35: https://hiperbiblia.com/reader?book=isa&chapter=35&left=snpd&right=lxxhb | 1P 1: https://hiperbiblia.com/reader?book=1pe&chapter=1&left=snpd&right=lxxhb
163,2026-06-12,"Księga Sędziów, rozdział 10 i 11","Księga Izajasza, rozdział 36","1 List Piotra,  rozdział 2",Sdz 10-11: https://hiperbiblia.com/reader?book=jdg&chapter=10&left=snpd&right=lxxhb | Iz 36: https://hiperbiblia.com/reader?book=isa&chapter=36&left=snpd&right=lxxhb | 1P 2: https://hiperbiblia.com/reader?book=1pe&chapter=2&left=snpd&right=lxxhb
164,2026-06-13,"Księga Sędziów, rozdział 12 i 13","Księga Izajasza, rozdział 37","1 List Piotra,  rozdział 3, 4 i 5",Sdz 12-13: https://hiperbiblia.com/reader?book=jdg&chapter=12&left=snpd&right=lxxhb | Iz 37: https://hiperbiblia.com/reader?book=isa&chapter=37&left=snpd&right=lxxhb | 1P 3-5: https://hiperbiblia.com/reader?book=1pe&chapter=3&left=snpd&right=lxxhb
165,2026-06-14,"Księga Sędziów, rozdział 14 i 15","Księga Izajasza, rozdział 38","2 List Piotra, rozdział 1 i 2",Sdz 14-15: https://hiperbiblia.com/reader?book=jdg&chapter=14&left=snpd&right=lxxhb | Iz 38: https://hiperbiblia.com/reader?book=isa&chapter=38&left=snpd&right=lxxhb | 2P 1-2: https://hiperbiblia.com/reader?book=2pe&chapter=1&left=snpd&right=lxxhb
166,2026-06-15,"Księga Sędziów, rozdział 16","Księga Izajasza, rozdział 39","2 List Piotra, rozdział 3",Sdz 16: https://hiperbiblia.com/reader?book=jdg&chapter=16&left=snpd&right=lxxhb | Iz 39: https://hiperbiblia.com/reader?book=isa&chapter=39&left=snpd&right=lxxhb | 2P 3: https://hiperbiblia.com/reader?book=2pe&chapter=3&left=snpd&right=lxxhb
167,2026-06-16,"Księga Sędziów, rozdział 17 i 18","Księga Izajasza, rozdział 40","1 List Jana, rozdział 1 i 2",Sdz 17-18: https://hiperbiblia.com/reader?book=jdg&chapter=17&left=snpd&right=lxxhb | Iz 40: https://hiperbiblia.com/reader?book=isa&chapter=40&left=snpd&right=lxxhb | 1J 1-2: https://hiperbiblia.com/reader?book=1jo&chapter=1&left=snpd&right=lxxhb
168,2026-06-17,"Księga Sędziów, rozdział 19","Księga Izajasza, rozdział 41","1 List Jana, rozdział 3 i 4",Sdz 19: https://hiperbiblia.com/reader?book=jdg&chapter=19&left=snpd&right=lxxhb | Iz 41: https://hiperbiblia.com/reader?book=isa&chapter=41&left=snpd&right=lxxhb | 1J 3-4: https://hiperbiblia.com/reader?book=1jo&chapter=3&left=snpd&right=lxxhb
169,2026-06-18,"Księga Sędziów, rozdział 20","Księga Izajasza, rozdział 42","1 List Jana, rozdział 5",Sdz 20: https://hiperbiblia.com/reader?book=jdg&chapter=20&left=snpd&right=lxxhb | Iz 42: https://hiperbiblia.com/reader?book=isa&chapter=42&left=snpd&right=lxxhb | 1J 5: https://hiperbiblia.com/reader?book=1jo&chapter=5&left=snpd&right=lxxhb
170,2026-06-19,"Księga Sędziów, rozdział 21","Księga Izajasza, rozdział 43",2 i 3 List Jana,Sdz 21: https://hiperbiblia.com/reader?book=jdg&chapter=21&left=snpd&right=lxxhb | Iz 43: https://hiperbiblia.com/reader?book=isa&chapter=43&left=snpd&right=lxxhb | 2J 1: https://hiperbiblia.com/reader?book=2jo&chapter=1&left=snpd&right=lxxhb
171,2026-06-20,"Księga Rut, rozdział 1 i 2","Księga Izajasza, rozdział 44",List Judy,Rt 1-2: https://hiperbiblia.com/reader?book=rut&chapter=1&left=snpd&right=lxxhb | Iz 44: https://hiperbiblia.com/reader?book=isa&chapter=44&left=snpd&right=lxxhb | Jud 1: https://hiperbiblia.com/reader?book=jud&chapter=1&left=snpd&right=lxxhb
172,2026-06-21,"Księga Rut, rozdział 3 i 4","Księga Izajasza, rozdział 45","Apokalipsa Jana, rozdział 1 i 2",Rt 3-4: https://hiperbiblia.com/reader?book=rut&chapter=3&left=snpd&right=lxxhb | Iz 45: https://hiperbiblia.com/reader?book=isa&chapter=45&left=snpd&right=lxxhb | Ap 1-2: https://hiperbiblia.com/reader?book=rev&chapter=1&left=snpd&right=lxxhb
173,2026-06-22,"1 Księga Samuela, rozdział 1","Księga Izajasza, rozdział 46 i 47","Apokalipsa Jana, rozdział 3 i 4",1Sm 1: https://hiperbiblia.com/reader?book=1sa&chapter=1&left=snpd&right=lxxhb | Iz 46-47: https://hiperbiblia.com/reader?book=isa&chapter=46&left=snpd&right=lxxhb | Ap 3-4: https://hiperbiblia.com/reader?book=rev&chapter=3&left=snpd&right=lxxhb
174,2026-06-23,"1 Księga Samuela, rozdział 2","Księga Izajasza, rozdział 48","Apokalipsa Jana, rozdział 5 i 6",1Sm 2: https://hiperbiblia.com/reader?book=1sa&chapter=2&left=snpd&right=lxxhb | Iz 48: https://hiperbiblia.com/reader?book=isa&chapter=48&left=snpd&right=lxxhb | Ap 5-6: https://hiperbiblia.com/reader?book=rev&chapter=5&left=snpd&right=lxxhb
175,2026-06-24,"1 Księga Samuela, rozdział 3","Księga Izajasza, rozdział 49","Apokalipsa Jana, rozdział 7, 8 i 9",1Sm 3: https://hiperbiblia.com/reader?book=1sa&chapter=3&left=snpd&right=lxxhb | Iz 49: https://hiperbiblia.com/reader?book=isa&chapter=49&left=snpd&right=lxxhb | Ap 7-9: https://hiperbiblia.com/reader?book=rev&chapter=7&left=snpd&right=lxxhb
176,2026-06-25,"1 Księga Samuela, rozdział 4","Księga Izajasza, rozdział 50","Apokalipsa Jana, rozdział 10 i 11",1Sm 4: https://hiperbiblia.com/reader?book=1sa&chapter=4&left=snpd&right=lxxhb | Iz 50: https://hiperbiblia.com/reader?book=isa&chapter=50&left=snpd&right=lxxhb | Ap 10-11: https://hiperbiblia.com/reader?book=rev&chapter=10&left=snpd&right=lxxhb
177,2026-06-26,"1 Księga Samuela, rozdział 5 i 6","Księga Izajasza, rozdział 51","Apokalipsa Jana, rozdział 12 i 13",1Sm 5-6: https://hiperbiblia.com/reader?book=1sa&chapter=5&left=snpd&right=lxxhb | Iz 51: https://hiperbiblia.com/reader?book=isa&chapter=51&left=snpd&right=lxxhb | Ap 12-13: https://hiperbiblia.com/reader?book=rev&chapter=12&left=snpd&right=lxxhb
178,2026-06-27,"1 Księga Samuela, rozdział 7 i 8","Księga Izajasza, rozdział 52","Apokalipsa Jana, rozdział 14",1Sm 7-8: https://hiperbiblia.com/reader?book=1sa&chapter=7&left=snpd&right=lxxhb | Iz 52: https://hiperbiblia.com/reader?book=isa&chapter=52&left=snpd&right=lxxhb | Ap 14: https://hiperbiblia.com/reader?book=rev&chapter=14&left=snpd&right=lxxhb
179,2026-06-28,"1 Księga Samuela, rozdział 9","Księga Izajasza, rozdział 53","Apokalipsa Jana, rozdział 15 i 16",1Sm 9: https://hiperbiblia.com/reader?book=1sa&chapter=9&left=snpd&right=lxxhb | Iz 53: https://hiperbiblia.com/reader?book=isa&chapter=53&left=snpd&right=lxxhb | Ap 15-16: https://hiperbiblia.com/reader?book=rev&chapter=15&left=snpd&right=lxxhb
180,2026-06-29,"1 Księga Samuela, rozdział 10","Księga Izajasza, rozdział 54","Apokalipsa Jana, rozdział 17 i 18",1Sm 10: https://hiperbiblia.com/reader?book=1sa&chapter=10&left=snpd&right=lxxhb | Iz 54: https://hiperbiblia.com/reader?book=isa&chapter=54&left=snpd&right=lxxhb | Ap 17-18: https://hiperbiblia.com/reader?book=rev&chapter=17&left=snpd&right=lxxhb
181,2026-06-30,"1 Księga Samuela, rozdział 11 i 12","Księga Izajasza, rozdział 55","Apokalipsa Jana, rozdział 19 i 20",1Sm 11-12: https://hiperbiblia.com/reader?book=1sa&chapter=11&left=snpd&right=lxxhb | Iz 55: https://hiperbiblia.com/reader?book=isa&chapter=55&left=snpd&right=lxxhb | Ap 19-20: https://hiperbiblia.com/reader?book=rev&chapter=19&left=snpd&right=lxxhb
182,2026-07-01,"1 Księga Samuela, rozdział 13","Księga Izajasza, rozdział 56 i 57","Apokalipsa Jana, rozdział 21 i 22",1Sm 13: https://hiperbiblia.com/reader?book=1sa&chapter=13&left=snpd&right=lxxhb | Iz 56-57: https://hiperbiblia.com/reader?book=isa&chapter=56&left=snpd&right=lxxhb | Ap 21-22: https://hiperbiblia.com/reader?book=rev&chapter=21&left=snpd&right=lxxhb
183,2026-07-02,"1 Księga Samuela, rozdział 14","Księga Izajasza, rozdział 58","Ewangelia Mateusza, rozdział 1 i 2",1Sm 14: https://hiperbiblia.com/reader?book=1sa&chapter=14&left=snpd&right=lxxhb | Iz 58: https://hiperbiblia.com/reader?book=isa&chapter=58&left=snpd&right=lxxhb | Mt 1-2: https://hiperbiblia.com/reader?book=mat&chapter=1&left=snpd&right=lxxhb
184,2026-07-03,"1 Księga Samuela, rozdział 15","Księga Izajasza, rozdział 59","Ewangelia Mateusza, rozdział 3 i 4",1Sm 15: https://hiperbiblia.com/reader?book=1sa&chapter=15&left=snpd&right=lxxhb | Iz 59: https://hiperbiblia.com/reader?book=isa&chapter=59&left=snpd&right=lxxhb | Mt 3-4: https://hiperbiblia.com/reader?book=mat&chapter=3&left=snpd&right=lxxhb
185,2026-07-04,"1 Księga Samuela, rozdział 16","Księga Izajasza, rozdział 60","Ewangelia Mateusza, rozdział 5",1Sm 16: https://hiperbiblia.com/reader?book=1sa&chapter=16&left=snpd&right=lxxhb | Iz 60: https://hiperbiblia.com/reader?book=isa&chapter=60&left=snpd&right=lxxhb | Mt 5: https://hiperbiblia.com/reader?book=mat&chapter=5&left=snpd&right=lxxhb
186,2026-07-05,"1 Księga Samuela, rozdział 17","Księga Izajasza, rozdział 61","Ewangelia Mateusza, rozdział 6",1Sm 17: https://hiperbiblia.com/reader?book=1sa&chapter=17&left=snpd&right=lxxhb | Iz 61: https://hiperbiblia.com/reader?book=isa&chapter=61&left=snpd&right=lxxhb | Mt 6: https://hiperbiblia.com/reader?book=mat&chapter=6&left=snpd&right=lxxhb
187,2026-07-06,"1 Księga Samuela, rozdział 18","Księga Izajasza, rozdział 62","Ewangelia Mateusza, rozdział 7",1Sm 18: https://hiperbiblia.com/reader?book=1sa&chapter=18&left=snpd&right=lxxhb | Iz 62: https://hiperbiblia.com/reader?book=isa&chapter=62&left=snpd&right=lxxhb | Mt 7: https://hiperbiblia.com/reader?book=mat&chapter=7&left=snpd&right=lxxhb
188,2026-07-07,"1 Księga Samuela, rozdział 19","Księga Izajasza, rozdział 63","Ewangelia Mateusza, rozdział 8",1Sm 19: https://hiperbiblia.com/reader?book=1sa&chapter=19&left=snpd&right=lxxhb | Iz 63: https://hiperbiblia.com/reader?book=isa&chapter=63&left=snpd&right=lxxhb | Mt 8: https://hiperbiblia.com/reader?book=mat&chapter=8&left=snpd&right=lxxhb
189,2026-07-08,"1 Księga Samuela, rozdział 20","Księga Izajasza, rozdział 64","Ewangelia Mateusza, rozdział 9",1Sm 20: https://hiperbiblia.com/reader?book=1sa&chapter=20&left=snpd&right=lxxhb | Iz 64: https://hiperbiblia.com/reader?book=isa&chapter=64&left=snpd&right=lxxhb | Mt 9: https://hiperbiblia.com/reader?book=mat&chapter=9&left=snpd&right=lxxhb
190,2026-07-09,"1 Księga Samuela, rozdział 21 i 22","Księga Izajasza, rozdział 65","Ewangelia Mateusza, rozdział 10",1Sm 21-22: https://hiperbiblia.com/reader?book=1sa&chapter=21&left=snpd&right=lxxhb | Iz 65: https://hiperbiblia.com/reader?book=isa&chapter=65&left=snpd&right=lxxhb | Mt 10: https://hiperbiblia.com/reader?book=mat&chapter=10&left=snpd&right=lxxhb
191,2026-07-10,"1 Księga Samuela, rozdział 23","Księga Izajasza, rozdział 66","Ewangelia Mateusza, rozdział 11",1Sm 23: https://hiperbiblia.com/reader?book=1sa&chapter=23&left=snpd&right=lxxhb | Iz 66: https://hiperbiblia.com/reader?book=isa&chapter=66&left=snpd&right=lxxhb | Mt 11: https://hiperbiblia.com/reader?book=mat&chapter=11&left=snpd&right=lxxhb
192,2026-07-11,"1 Księga Samuela, rozdział 24","Księga Jeremiasza, rozdział 1","Ewangelia Mateusza, rozdział 12",1Sm 24: https://hiperbiblia.com/reader?book=1sa&chapter=24&left=snpd&right=lxxhb | Jr 1: https://hiperbiblia.com/reader?book=jer&chapter=1&left=snpd&right=lxxhb | Mt 12: https://hiperbiblia.com/reader?book=mat&chapter=12&left=snpd&right=lxxhb
193,2026-07-12,"1 Księga Samuela, rozdział 25","Księga Jeremiasza, rozdział 2","Ewangelia Mateusza, rozdział 13",1Sm 25: https://hiperbiblia.com/reader?book=1sa&chapter=25&left=snpd&right=lxxhb | Jr 2: https://hiperbiblia.com/reader?book=jer&chapter=2&left=snpd&right=lxxhb | Mt 13: https://hiperbiblia.com/reader?book=mat&chapter=13&left=snpd&right=lxxhb
194,2026-07-13,"1 Księga Samuela, rozdział 26 i 27","Księga Jeremiasza, rozdział 3","Ewangelia Mateusza, rozdział 14",1Sm 26-27: https://hiperbiblia.com/reader?book=1sa&chapter=26&left=snpd&right=lxxhb | Jr 3: https://hiperbiblia.com/reader?book=jer&chapter=3&left=snpd&right=lxxhb | Mt 14: https://hiperbiblia.com/reader?book=mat&chapter=14&left=snpd&right=lxxhb
195,2026-07-14,"1 Księga Samuela, rozdział 28","Księga Jeremiasza, rozdział 4","Ewangelia Mateusza, rozdział 15",1Sm 28: https://hiperbiblia.com/reader?book=1sa&chapter=28&left=snpd&right=lxxhb | Jr 4: https://hiperbiblia.com/reader?book=jer&chapter=4&left=snpd&right=lxxhb | Mt 15: https://hiperbiblia.com/reader?book=mat&chapter=15&left=snpd&right=lxxhb
196,2026-07-15,"1 Księga Samuela, rozdział 29 i 30","Księga Jeremiasza, rozdział 5","Ewangelia Mateusza, rozdział 16",1Sm 29-30: https://hiperbiblia.com/reader?book=1sa&chapter=29&left=snpd&right=lxxhb | Jr 5: https://hiperbiblia.com/reader?book=jer&chapter=5&left=snpd&right=lxxhb | Mt 16: https://hiperbiblia.com/reader?book=mat&chapter=16&left=snpd&right=lxxhb
197,2026-07-16,"1 Księga Samuela, rozdział 31","Księga Jeremiasza, rozdział 6","Ewangelia Mateusza, rozdział 17",1Sm 31: https://hiperbiblia.com/reader?book=1sa&chapter=31&left=snpd&right=lxxhb | Jr 6: https://hiperbiblia.com/reader?book=jer&chapter=6&left=snpd&right=lxxhb | Mt 17: https://hiperbiblia.com/reader?book=mat&chapter=17&left=snpd&right=lxxhb
198,2026-07-17,"2 Księga Samuela, rozdział 1","Księga Jeremiasza, rozdział 7","Ewangelia Mateusza, rozdział 18",2Sm 1: https://hiperbiblia.com/reader?book=2sa&chapter=1&left=snpd&right=lxxhb | Jr 7: https://hiperbiblia.com/reader?book=jer&chapter=7&left=snpd&right=lxxhb | Mt 18: https://hiperbiblia.com/reader?book=mat&chapter=18&left=snpd&right=lxxhb
199,2026-07-18,"2 Księga Samuela, rozdział 2","Księga Jeremiasza, rozdział 8","Ewangelia Mateusza, rozdział 19",2Sm 2: https://hiperbiblia.com/reader?book=2sa&chapter=2&left=snpd&right=lxxhb | Jr 8: https://hiperbiblia.com/reader?book=jer&chapter=8&left=snpd&right=lxxhb | Mt 19: https://hiperbiblia.com/reader?book=mat&chapter=19&left=snpd&right=lxxhb
200,2026-07-19,"2 Księga Samuela, rozdział 3","Księga Jeremiasza, rozdział 9","Ewangelia Mateusza, rozdział 20",2Sm 3: https://hiperbiblia.com/reader?book=2sa&chapter=3&left=snpd&right=lxxhb | Jr 9: https://hiperbiblia.com/reader?book=jer&chapter=9&left=snpd&right=lxxhb | Mt 20: https://hiperbiblia.com/reader?book=mat&chapter=20&left=snpd&right=lxxhb
201,2026-07-20,"2 Księga Samuela, rozdział 4 i 5","Księga Jeremiasza, rozdział 10","Ewangelia Mateusza, rozdział 21",2Sm 4-5: https://hiperbiblia.com/reader?book=2sa&chapter=4&left=snpd&right=lxxhb | Jr 10: https://hiperbiblia.com/reader?book=jer&chapter=10&left=snpd&right=lxxhb | Mt 21: https://hiperbiblia.com/reader?book=mat&chapter=21&left=snpd&right=lxxhb
202,2026-07-21,"2 Księga Samuela, rozdział 6","Księga Jeremiasza, rozdział 11","Ewangelia Mateusza, rozdział 22",2Sm 6: https://hiperbiblia.com/reader?book=2sa&chapter=6&left=snpd&right=lxxhb | Jr 11: https://hiperbiblia.com/reader?book=jer&chapter=11&left=snpd&right=lxxhb | Mt 22: https://hiperbiblia.com/reader?book=mat&chapter=22&left=snpd&right=lxxhb
203,2026-07-22,"2 Księga Samuela, rozdział 7","Księga Jeremiasza, rozdział 12","Ewangelia Mateusza, rozdział 23",2Sm 7: https://hiperbiblia.com/reader?book=2sa&chapter=7&left=snpd&right=lxxhb | Jr 12: https://hiperbiblia.com/reader?book=jer&chapter=12&left=snpd&right=lxxhb | Mt 23: https://hiperbiblia.com/reader?book=mat&chapter=23&left=snpd&right=lxxhb
204,2026-07-23,"2 Księga Samuela, rozdział 8 i 9","Księga Jeremiasza, rozdział 13","Ewangelia Mateusza, rozdział 24",2Sm 8-9: https://hiperbiblia.com/reader?book=2sa&chapter=8&left=snpd&right=lxxhb | Jr 13: https://hiperbiblia.com/reader?book=jer&chapter=13&left=snpd&right=lxxhb | Mt 24: https://hiperbiblia.com/reader?book=mat&chapter=24&left=snpd&right=lxxhb
205,2026-07-24,"2 Księga Samuela, rozdział 10","Księga Jeremiasza, rozdział 14","Ewangelia Mateusza, rozdział 25",2Sm 10: https://hiperbiblia.com/reader?book=2sa&chapter=10&left=snpd&right=lxxhb | Jr 14: https://hiperbiblia.com/reader?book=jer&chapter=14&left=snpd&right=lxxhb | Mt 25: https://hiperbiblia.com/reader?book=mat&chapter=25&left=snpd&right=lxxhb
206,2026-07-25,"2 Księga Samuela, rozdział 11","Księga Jeremiasza, rozdział 15","Ewangelia Mateusza, rozdział 26",2Sm 11: https://hiperbiblia.com/reader?book=2sa&chapter=11&left=snpd&right=lxxhb | Jr 15: https://hiperbiblia.com/reader?book=jer&chapter=15&left=snpd&right=lxxhb | Mt 26: https://hiperbiblia.com/reader?book=mat&chapter=26&left=snpd&right=lxxhb
207,2026-07-26,"2 Księga Samuela, rozdział 12","Księga Jeremiasza, rozdział 16","Ewangelia Mateusza, rozdział 27",2Sm 12: https://hiperbiblia.com/reader?book=2sa&chapter=12&left=snpd&right=lxxhb | Jr 16: https://hiperbiblia.com/reader?book=jer&chapter=16&left=snpd&right=lxxhb | Mt 27: https://hiperbiblia.com/reader?book=mat&chapter=27&left=snpd&right=lxxhb
208,2026-07-27,"2 Księga Samuela, rozdział 13","Księga Jeremiasza, rozdział 17","Ewangelia Mateusza, rozdział 28",2Sm 13: https://hiperbiblia.com/reader?book=2sa&chapter=13&left=snpd&right=lxxhb | Jr 17: https://hiperbiblia.com/reader?book=jer&chapter=17&left=snpd&right=lxxhb | Mt 28: https://hiperbiblia.com/reader?book=mat&chapter=28&left=snpd&right=lxxhb
209,2026-07-28,"2 Księga Samuela, rozdział 14","Księga Jeremiasza, rozdział 18","List do Rzymian, rozdział 1 i 2",2Sm 14: https://hiperbiblia.com/reader?book=2sa&chapter=14&left=snpd&right=lxxhb | Jr 18: https://hiperbiblia.com/reader?book=jer&chapter=18&left=snpd&right=lxxhb | Rz 1-2: https://hiperbiblia.com/reader?book=rom&chapter=1&left=snpd&right=lxxhb
210,2026-07-29,"2 Księga Samuela, rozdział 15","Księga Jeremiasza, rozdział 19","List do Rzymian, rozdział 3 i 4",2Sm 15: https://hiperbiblia.com/reader?book=2sa&chapter=15&left=snpd&right=lxxhb | Jr 19: https://hiperbiblia.com/reader?book=jer&chapter=19&left=snpd&right=lxxhb | Rz 3-4: https://hiperbiblia.com/reader?book=rom&chapter=3&left=snpd&right=lxxhb
211,2026-07-30,"2 Księga Samuela, rozdział 16","Księga Jeremiasza, rozdział 20","List do Rzymian, rozdział 5 i 6",2Sm 16: https://hiperbiblia.com/reader?book=2sa&chapter=16&left=snpd&right=lxxhb | Jr 20: https://hiperbiblia.com/reader?book=jer&chapter=20&left=snpd&right=lxxhb | Rz 5-6: https://hiperbiblia.com/reader?book=rom&chapter=5&left=snpd&right=lxxhb
212,2026-07-31,"2 Księga Samuela, rozdział 17","Księga Jeremiasza, rozdział 21","List do Rzymian, rozdział 7 i 8",2Sm 17: https://hiperbiblia.com/reader?book=2sa&chapter=17&left=snpd&right=lxxhb | Jr 21: https://hiperbiblia.com/reader?book=jer&chapter=21&left=snpd&right=lxxhb | Rz 7-8: https://hiperbiblia.com/reader?book=rom&chapter=7&left=snpd&right=lxxhb
213,2026-08-01,"2 Księga Samuela, rozdział 18","Księga Jeremiasza, rozdział 22","List do Rzymian, rozdział 9",2Sm 18: https://hiperbiblia.com/reader?book=2sa&chapter=18&left=snpd&right=lxxhb | Jr 22: https://hiperbiblia.com/reader?book=jer&chapter=22&left=snpd&right=lxxhb | Rz 9: https://hiperbiblia.com/reader?book=rom&chapter=9&left=snpd&right=lxxhb
214,2026-08-02,"2 Księga Samuela, rozdział 19","Księga Jeremiasza, rozdział 23","List do Rzymian, rozdział 10 i 11",2Sm 19: https://hiperbiblia.com/reader?book=2sa&chapter=19&left=snpd&right=lxxhb | Jr 23: https://hiperbiblia.com/reader?book=jer&chapter=23&left=snpd&right=lxxhb | Rz 10-11: https://hiperbiblia.com/reader?book=rom&chapter=10&left=snpd&right=lxxhb
215,2026-08-03,"2 Księga Samuela, rozdział 20 i 21","Księga Jeremiasza, rozdział 24","List do Rzymian, rozdział 12",2Sm 20-21: https://hiperbiblia.com/reader?book=2sa&chapter=20&left=snpd&right=lxxhb | Jr 24: https://hiperbiblia.com/reader?book=jer&chapter=24&left=snpd&right=lxxhb | Rz 12: https://hiperbiblia.com/reader?book=rom&chapter=12&left=snpd&right=lxxhb
216,2026-08-04,"2 Księga Samuela, rozdział 22","Księga Jeremiasza, rozdział 25","List do Rzymian, rozdział 13 i 14",2Sm 22: https://hiperbiblia.com/reader?book=2sa&chapter=22&left=snpd&right=lxxhb | Jr 25: https://hiperbiblia.com/reader?book=jer&chapter=25&left=snpd&right=lxxhb | Rz 13-14: https://hiperbiblia.com/reader?book=rom&chapter=13&left=snpd&right=lxxhb
217,2026-08-05,"2 Księga Samuela, rozdział 23","Księga Jeremiasza, rozdział 26","List do Rzymian, rozdział 15 i 16",2Sm 23: https://hiperbiblia.com/reader?book=2sa&chapter=23&left=snpd&right=lxxhb | Jr 26: https://hiperbiblia.com/reader?book=jer&chapter=26&left=snpd&right=lxxhb | Rz 15-16: https://hiperbiblia.com/reader?book=rom&chapter=15&left=snpd&right=lxxhb
218,2026-08-06,"2 Księga Samuela, rozdział 24","Księga Jeremiasza, rozdział 27","Ewangelia Marka, rozdział 1",2Sm 24: https://hiperbiblia.com/reader?book=2sa&chapter=24&left=snpd&right=lxxhb | Jr 27: https://hiperbiblia.com/reader?book=jer&chapter=27&left=snpd&right=lxxhb | Mk 1: https://hiperbiblia.com/reader?book=mar&chapter=1&left=snpd&right=lxxhb
219,2026-08-07,"1 Księga Królewską, rozdział 1","Księga Jeremiasza, rozdział 28","Ewangelia Marka, rozdział 2",1Krl 1: https://hiperbiblia.com/reader?book=1ki&chapter=1&left=snpd&right=lxxhb | Jr 28: https://hiperbiblia.com/reader?book=jer&chapter=28&left=snpd&right=lxxhb | Mk 2: https://hiperbiblia.com/reader?book=mar&chapter=2&left=snpd&right=lxxhb
220,2026-08-08,"1 Księga Królewską, rozdział 2","Księga Jeremiasza, rozdział 29","Ewangelia Marka, rozdział 3",1Krl 2: https://hiperbiblia.com/reader?book=1ki&chapter=2&left=snpd&right=lxxhb | Jr 29: https://hiperbiblia.com/reader?book=jer&chapter=29&left=snpd&right=lxxhb | Mk 3: https://hiperbiblia.com/reader?book=mar&chapter=3&left=snpd&right=lxxhb
221,2026-08-09,"1 Księga Królewską, rozdział 3","Księga Jeremiasza, rozdział 30","Ewangelia Marka, rozdział 4",1Krl 3: https://hiperbiblia.com/reader?book=1ki&chapter=3&left=snpd&right=lxxhb | Jr 30: https://hiperbiblia.com/reader?book=jer&chapter=30&left=snpd&right=lxxhb | Mk 4: https://hiperbiblia.com/reader?book=mar&chapter=4&left=snpd&right=lxxhb
222,2026-08-10,"1 Księga Królewską, rozdział 4 i 5","Księga Jeremiasza, rozdział 31","Ewangelia Marka, rozdział 5",1Krl 4-5: https://hiperbiblia.com/reader?book=1ki&chapter=4&left=snpd&right=lxxhb | Jr 31: https://hiperbiblia.com/reader?book=jer&chapter=31&left=snpd&right=lxxhb | Mk 5: https://hiperbiblia.com/reader?book=mar&chapter=5&left=snpd&right=lxxhb
223,2026-08-11,"1 Księga Królewską, rozdział 6","Księga Jeremiasza, rozdział 32","Ewangelia Marka, rozdział 6",1Krl 6: https://hiperbiblia.com/reader?book=1ki&chapter=6&left=snpd&right=lxxhb | Jr 32: https://hiperbiblia.com/reader?book=jer&chapter=32&left=snpd&right=lxxhb | Mk 6: https://hiperbiblia.com/reader?book=mar&chapter=6&left=snpd&right=lxxhb
224,2026-08-12,"1 Księga Królewską, rozdział 7","Księga Jeremiasza, rozdział 33","Ewangelia Marka, rozdział 7",1Krl 7: https://hiperbiblia.com/reader?book=1ki&chapter=7&left=snpd&right=lxxhb | Jr 33: https://hiperbiblia.com/reader?book=jer&chapter=33&left=snpd&right=lxxhb | Mk 7: https://hiperbiblia.com/reader?book=mar&chapter=7&left=snpd&right=lxxhb
225,2026-08-13,"1 Księga Królewską, rozdział 8","Księga Jeremiasza, rozdział 34","Ewangelia Marka, rozdział 8",1Krl 8: https://hiperbiblia.com/reader?book=1ki&chapter=8&left=snpd&right=lxxhb | Jr 34: https://hiperbiblia.com/reader?book=jer&chapter=34&left=snpd&right=lxxhb | Mk 8: https://hiperbiblia.com/reader?book=mar&chapter=8&left=snpd&right=lxxhb
226,2026-08-14,"1 Księga Królewską, rozdział 9","Księga Jeremiasza, rozdział 35","Ewangelia Marka, rozdział 9",1Krl 9: https://hiperbiblia.com/reader?book=1ki&chapter=9&left=snpd&right=lxxhb | Jr 35: https://hiperbiblia.com/reader?book=jer&chapter=35&left=snpd&right=lxxhb | Mk 9: https://hiperbiblia.com/reader?book=mar&chapter=9&left=snpd&right=lxxhb
227,2026-08-15,"1 Księga Królewską, rozdział 10","Księga Jeremiasza, rozdział 36","Ewangelia Marka, rozdział 10",1Krl 10: https://hiperbiblia.com/reader?book=1ki&chapter=10&left=snpd&right=lxxhb | Jr 36: https://hiperbiblia.com/reader?book=jer&chapter=36&left=snpd&right=lxxhb | Mk 10: https://hiperbiblia.com/reader?book=mar&chapter=10&left=snpd&right=lxxhb
228,2026-08-16,"1 Księga Królewską, rozdział 11","Księga Jeremiasza, rozdział 37","Ewangelia Marka, rozdział 11",1Krl 11: https://hiperbiblia.com/reader?book=1ki&chapter=11&left=snpd&right=lxxhb | Jr 37: https://hiperbiblia.com/reader?book=jer&chapter=37&left=snpd&right=lxxhb | Mk 11: https://hiperbiblia.com/reader?book=mar&chapter=11&left=snpd&right=lxxhb
229,2026-08-17,"1 Księga Królewską, rozdział 12","Księga Jeremiasza, rozdział 38","Ewangelia Marka, rozdział 12",1Krl 12: https://hiperbiblia.com/reader?book=1ki&chapter=12&left=snpd&right=lxxhb | Jr 38: https://hiperbiblia.com/reader?book=jer&chapter=38&left=snpd&right=lxxhb | Mk 12: https://hiperbiblia.com/reader?book=mar&chapter=12&left=snpd&right=lxxhb
230,2026-08-18,"1 Księga Królewską, rozdział 13","Księga Jeremiasza, rozdział 39","Ewangelia Marka, rozdział 13",1Krl 13: https://hiperbiblia.com/reader?book=1ki&chapter=13&left=snpd&right=lxxhb | Jr 39: https://hiperbiblia.com/reader?book=jer&chapter=39&left=snpd&right=lxxhb | Mk 13: https://hiperbiblia.com/reader?book=mar&chapter=13&left=snpd&right=lxxhb
231,2026-08-19,"1 Księga Królewską, rozdział 14","Księga Jeremiasza, rozdział 40","Ewangelia Marka, rozdział 14",1Krl 14: https://hiperbiblia.com/reader?book=1ki&chapter=14&left=snpd&right=lxxhb | Jr 40: https://hiperbiblia.com/reader?book=jer&chapter=40&left=snpd&right=lxxhb | Mk 14: https://hiperbiblia.com/reader?book=mar&chapter=14&left=snpd&right=lxxhb
232,2026-08-20,"1 Księga Królewską, rozdział 15","Księga Jeremiasza, rozdział 41","Ewangelia Marka, rozdział 15",1Krl 15: https://hiperbiblia.com/reader?book=1ki&chapter=15&left=snpd&right=lxxhb | Jr 41: https://hiperbiblia.com/reader?book=jer&chapter=41&left=snpd&right=lxxhb | Mk 15: https://hiperbiblia.com/reader?book=mar&chapter=15&left=snpd&right=lxxhb
233,2026-08-21,"1 Księga Królewską, rozdział 16","Księga Jeremiasza, rozdział 42","Ewangelia Marka, rozdział 16",1Krl 16: https://hiperbiblia.com/reader?book=1ki&chapter=16&left=snpd&right=lxxhb | Jr 42: https://hiperbiblia.com/reader?book=jer&chapter=42&left=snpd&right=lxxhb | Mk 16: https://hiperbiblia.com/reader?book=mar&chapter=16&left=snpd&right=lxxhb
234,2026-08-22,"1 Księga Królewską, rozdział 17","Księga Jeremiasza, rozdział 43","1 List do Koryntian, rozdział 1 i 2",1Krl 17: https://hiperbiblia.com/reader?book=1ki&chapter=17&left=snpd&right=lxxhb | Jr 43: https://hiperbiblia.com/reader?book=jer&chapter=43&left=snpd&right=lxxhb | 1Kor 1-2: https://hiperbiblia.com/reader?book=1co&chapter=1&left=snpd&right=lxxhb
235,2026-08-23,"1 Księga Królewską, rozdział 18","Księga Jeremiasza, rozdział 44","1 List do Koryntian, rozdział 3",1Krl 18: https://hiperbiblia.com/reader?book=1ki&chapter=18&left=snpd&right=lxxhb | Jr 44: https://hiperbiblia.com/reader?book=jer&chapter=44&left=snpd&right=lxxhb | 1Kor 3: https://hiperbiblia.com/reader?book=1co&chapter=3&left=snpd&right=lxxhb
236,2026-08-24,"1 Księga Królewską, rozdział 19","Księga Jeremiasza, rozdział 45 i 46","1 List do Koryntian, rozdział 4 i 5",1Krl 19: https://hiperbiblia.com/reader?book=1ki&chapter=19&left=snpd&right=lxxhb | Jr 45-46: https://hiperbiblia.com/reader?book=jer&chapter=45&left=snpd&right=lxxhb | 1Kor 4-5: https://hiperbiblia.com/reader?book=1co&chapter=4&left=snpd&right=lxxhb
237,2026-08-25,"1 Księga Królewską, rozdział 20","Księga Jeremiasza, rozdział 47","1 List do Koryntian, rozdział 6",1Krl 20: https://hiperbiblia.com/reader?book=1ki&chapter=20&left=snpd&right=lxxhb | Jr 47: https://hiperbiblia.com/reader?book=jer&chapter=47&left=snpd&right=lxxhb | 1Kor 6: https://hiperbiblia.com/reader?book=1co&chapter=6&left=snpd&right=lxxhb
238,2026-08-26,"1 Księga Królewską, rozdział 21","Księga Jeremiasza, rozdział 48","1 List do Koryntian, rozdział 7",1Krl 21: https://hiperbiblia.com/reader?book=1ki&chapter=21&left=snpd&right=lxxhb | Jr 48: https://hiperbiblia.com/reader?book=jer&chapter=48&left=snpd&right=lxxhb | 1Kor 7: https://hiperbiblia.com/reader?book=1co&chapter=7&left=snpd&right=lxxhb
239,2026-08-27,"1 Księga Królewską, rozdział 22","Księga Jeremiasza, rozdział 49","1 List do Koryntian, rozdział 8 i 9",1Krl 22: https://hiperbiblia.com/reader?book=1ki&chapter=22&left=snpd&right=lxxhb | Jr 49: https://hiperbiblia.com/reader?book=jer&chapter=49&left=snpd&right=lxxhb | 1Kor 8-9: https://hiperbiblia.com/reader?book=1co&chapter=8&left=snpd&right=lxxhb
240,2026-08-28,"2 Księga Królewską, rozdział 1 i 2","Księga Jeremiasza, rozdział 50","1 List do Koryntian, rozdział 10",2Krl 1-2: https://hiperbiblia.com/reader?book=2ki&chapter=1&left=snpd&right=lxxhb | Jr 50: https://hiperbiblia.com/reader?book=jer&chapter=50&left=snpd&right=lxxhb | 1Kor 10: https://hiperbiblia.com/reader?book=1co&chapter=10&left=snpd&right=lxxhb
241,2026-08-29,"2 Księga Królewską, rozdział 3","Księga Jeremiasza, rozdział 51","1 List do Koryntian, rozdział 11",2Krl 3: https://hiperbiblia.com/reader?book=2ki&chapter=3&left=snpd&right=lxxhb | Jr 51: https://hiperbiblia.com/reader?book=jer&chapter=51&left=snpd&right=lxxhb | 1Kor 11: https://hiperbiblia.com/reader?book=1co&chapter=11&left=snpd&right=lxxhb
242,2026-08-30,"2 Księga Królewską, rozdział 4","Księga Jeremiasza, rozdział 52","1 List do Koryntian, rozdział 12 i 13",2Krl 4: https://hiperbiblia.com/reader?book=2ki&chapter=4&left=snpd&right=lxxhb | Jr 52: https://hiperbiblia.com/reader?book=jer&chapter=52&left=snpd&right=lxxhb | 1Kor 12-13: https://hiperbiblia.com/reader?book=1co&chapter=12&left=snpd&right=lxxhb
243,2026-08-31,"2 Księga Królewską, rozdział 5","Księga Lamentacji, rozdział 1","1 List do Koryntian, rozdział 14",2Krl 5: https://hiperbiblia.com/reader?book=2ki&chapter=5&left=snpd&right=lxxhb | Lm 1: https://hiperbiblia.com/reader?book=lam&chapter=1&left=snpd&right=lxxhb | 1Kor 14: https://hiperbiblia.com/reader?book=1co&chapter=14&left=snpd&right=lxxhb
244,2026-09-01,"2 Księga Królewską, rozdział 6","Księga Lamentacji, rozdział 2","1 List do Koryntian, rozdział 15",2Krl 6: https://hiperbiblia.com/reader?book=2ki&chapter=6&left=snpd&right=lxxhb | Lm 2: https://hiperbiblia.com/reader?book=lam&chapter=2&left=snpd&right=lxxhb | 1Kor 15: https://hiperbiblia.com/reader?book=1co&chapter=15&left=snpd&right=lxxhb
245,2026-09-02,"2 Księga Królewską, rozdział 7","Księga Lamentacji, rozdział 3","1 List do Koryntian, rozdział 16",2Krl 7: https://hiperbiblia.com/reader?book=2ki&chapter=7&left=snpd&right=lxxhb | Lm 3: https://hiperbiblia.com/reader?book=lam&chapter=3&left=snpd&right=lxxhb | 1Kor 16: https://hiperbiblia.com/reader?book=1co&chapter=16&left=snpd&right=lxxhb
246,2026-09-03,"2 Księga Królewską, rozdział 8","Księga Lamentacji, rozdział 4","2 List do Koryntian, rozdział 1 i 2",2Krl 8: https://hiperbiblia.com/reader?book=2ki&chapter=8&left=snpd&right=lxxhb | Lm 4: https://hiperbiblia.com/reader?book=lam&chapter=4&left=snpd&right=lxxhb | 2Kor 1-2: https://hiperbiblia.com/reader?book=2co&chapter=1&left=snpd&right=lxxhb
247,2026-09-04,"2 Księga Królewską, rozdział 9","Księga Lamentacji, rozdział 5","2 List do Koryntian, rozdział 3 i 4",2Krl 9: https://hiperbiblia.com/reader?book=2ki&chapter=9&left=snpd&right=lxxhb | Lm 5: https://hiperbiblia.com/reader?book=lam&chapter=5&left=snpd&right=lxxhb | 2Kor 3-4: https://hiperbiblia.com/reader?book=2co&chapter=3&left=snpd&right=lxxhb
248,2026-09-05,"2 Księga Królewską, rozdział 10","Księga Ezechiela, rozdział 1","2 List do Koryntian, rozdział 5, 6 i 7",2Krl 10: https://hiperbiblia.com/reader?book=2ki&chapter=10&left=snpd&right=lxxhb | Ez 1: https://hiperbiblia.com/reader?book=eze&chapter=1&left=snpd&right=lxxhb | 2Kor 5-7: https://hiperbiblia.com/reader?book=2co&chapter=5&left=snpd&right=lxxhb
249,2026-09-06,"2 Księga Królewską, rozdział 11 i 12","Księga Ezechiela, rozdział 2","2 List do Koryntian, rozdział 8 i 9",2Krl 11-12: https://hiperbiblia.com/reader?book=2ki&chapter=11&left=snpd&right=lxxhb | Ez 2: https://hiperbiblia.com/reader?book=eze&chapter=2&left=snpd&right=lxxhb | 2Kor 8-9: https://hiperbiblia.com/reader?book=2co&chapter=8&left=snpd&right=lxxhb
250,2026-09-07,"2 Księga Królewską, rozdział 13","Księga Ezechiela, rozdział 3","2 List do Koryntian, rozdział 10 i 11",2Krl 13: https://hiperbiblia.com/reader?book=2ki&chapter=13&left=snpd&right=lxxhb | Ez 3: https://hiperbiblia.com/reader?book=eze&chapter=3&left=snpd&right=lxxhb | 2Kor 10-11: https://hiperbiblia.com/reader?book=2co&chapter=10&left=snpd&right=lxxhb
251,2026-09-08,"2 Księga Królewską, rozdział 14","Księga Ezechiela, rozdział 4","2 List do Koryntian, rozdział 12 i 13",2Krl 14: https://hiperbiblia.com/reader?book=2ki&chapter=14&left=snpd&right=lxxhb | Ez 4: https://hiperbiblia.com/reader?book=eze&chapter=4&left=snpd&right=lxxhb | 2Kor 12-13: https://hiperbiblia.com/reader?book=2co&chapter=12&left=snpd&right=lxxhb
252,2026-09-09,"2 Księga Królewską, rozdział 15","Księga Ezechiela, rozdział 5","Ewangelia Łukasza, rozdział 1",2Krl 15: https://hiperbiblia.com/reader?book=2ki&chapter=15&left=snpd&right=lxxhb | Ez 5: https://hiperbiblia.com/reader?book=eze&chapter=5&left=snpd&right=lxxhb | Łk 1: https://hiperbiblia.com/reader?book=luk&chapter=1&left=snpd&right=lxxhb
253,2026-09-10,"2 Księga Królewską, rozdział 16","Księga Ezechiela, rozdział 6","Ewangelia Łukasza, rozdział 2",2Krl 16: https://hiperbiblia.com/reader?book=2ki&chapter=16&left=snpd&right=lxxhb | Ez 6: https://hiperbiblia.com/reader?book=eze&chapter=6&left=snpd&right=lxxhb | Łk 2: https://hiperbiblia.com/reader?book=luk&chapter=2&left=snpd&right=lxxhb
254,2026-09-11,"2 Księga Królewską, rozdział 17","Księga Ezechiela, rozdział 7","Ewangelia Łukasza, rozdział 3",2Krl 17: https://hiperbiblia.com/reader?book=2ki&chapter=17&left=snpd&right=lxxhb | Ez 7: https://hiperbiblia.com/reader?book=eze&chapter=7&left=snpd&right=lxxhb | Łk 3: https://hiperbiblia.com/reader?book=luk&chapter=3&left=snpd&right=lxxhb
255,2026-09-12,"2 Księga Królewską, rozdział 18","Księga Ezechiela, rozdział 8","Ewangelia Łukasza, rozdział 4",2Krl 18: https://hiperbiblia.com/reader?book=2ki&chapter=18&left=snpd&right=lxxhb | Ez 8: https://hiperbiblia.com/reader?book=eze&chapter=8&left=snpd&right=lxxhb | Łk 4: https://hiperbiblia.com/reader?book=luk&chapter=4&left=snpd&right=lxxhb
256,2026-09-13,"2 Księga Królewską, rozdział 19","Księga Ezechiela, rozdział 9","Ewangelia Łukasza, rozdział 5",2Krl 19: https://hiperbiblia.com/reader?book=2ki&chapter=19&left=snpd&right=lxxhb | Ez 9: https://hiperbiblia.com/reader?book=eze&chapter=9&left=snpd&right=lxxhb | Łk 5: https://hiperbiblia.com/reader?book=luk&chapter=5&left=snpd&right=lxxhb
257,2026-09-14,"2 Księga Królewską, rozdział 20","Księga Ezechiela, rozdział 10","Ewangelia Łukasza, rozdział 6",2Krl 20: https://hiperbiblia.com/reader?book=2ki&chapter=20&left=snpd&right=lxxhb | Ez 10: https://hiperbiblia.com/reader?book=eze&chapter=10&left=snpd&right=lxxhb | Łk 6: https://hiperbiblia.com/reader?book=luk&chapter=6&left=snpd&right=lxxhb
258,2026-09-15,"2 Księga Królewską, rozdział 21","Księga Ezechiela, rozdział 11","Ewangelia Łukasza, rozdział 7",2Krl 21: https://hiperbiblia.com/reader?book=2ki&chapter=21&left=snpd&right=lxxhb | Ez 11: https://hiperbiblia.com/reader?book=eze&chapter=11&left=snpd&right=lxxhb | Łk 7: https://hiperbiblia.com/reader?book=luk&chapter=7&left=snpd&right=lxxhb
259,2026-09-16,"2 Księga Królewską, rozdział 22 i 23","Księga Ezechiela, rozdział 12","Ewangelia Łukasza, rozdział 8",2Krl 22-23: https://hiperbiblia.com/reader?book=2ki&chapter=22&left=snpd&right=lxxhb | Ez 12: https://hiperbiblia.com/reader?book=eze&chapter=12&left=snpd&right=lxxhb | Łk 8: https://hiperbiblia.com/reader?book=luk&chapter=8&left=snpd&right=lxxhb
260,2026-09-17,"2 Księga Królewską, rozdział 24 i 25","Księga Ezechiela, rozdział 13","Ewangelia Łukasza, rozdział 9",2Krl 24-25: https://hiperbiblia.com/reader?book=2ki&chapter=24&left=snpd&right=lxxhb | Ez 13: https://hiperbiblia.com/reader?book=eze&chapter=13&left=snpd&right=lxxhb | Łk 9: https://hiperbiblia.com/reader?book=luk&chapter=9&left=snpd&right=lxxhb
261,2026-09-18,"1 Księga Kronik, rozdział 1","Księga Ezechiela, rozdział 14","Ewangelia Łukasza, rozdział 10",1Krn 1: https://hiperbiblia.com/reader?book=1ch&chapter=1&left=snpd&right=lxxhb | Ez 14: https://hiperbiblia.com/reader?book=eze&chapter=14&left=snpd&right=lxxhb | Łk 10: https://hiperbiblia.com/reader?book=luk&chapter=10&left=snpd&right=lxxhb
262,2026-09-19,"1 Księga Kronik, rozdział 2","Księga Ezechiela, rozdział 15","Ewangelia Łukasza, rozdział 11",1Krn 2: https://hiperbiblia.com/reader?book=1ch&chapter=2&left=snpd&right=lxxhb | Ez 15: https://hiperbiblia.com/reader?book=eze&chapter=15&left=snpd&right=lxxhb | Łk 11: https://hiperbiblia.com/reader?book=luk&chapter=11&left=snpd&right=lxxhb
263,2026-09-20,"1 Księga Kronik, rozdział 3","Księga Ezechiela, rozdział 16","Ewangelia Łukasza, rozdział 12",1Krn 3: https://hiperbiblia.com/reader?book=1ch&chapter=3&left=snpd&right=lxxhb | Ez 16: https://hiperbiblia.com/reader?book=eze&chapter=16&left=snpd&right=lxxhb | Łk 12: https://hiperbiblia.com/reader?book=luk&chapter=12&left=snpd&right=lxxhb
264,2026-09-21,"1 Księga Kronik, rozdział 4","Księga Ezechiela, rozdział 17","Ewangelia Łukasza, rozdział 13 i 14",1Krn 4: https://hiperbiblia.com/reader?book=1ch&chapter=4&left=snpd&right=lxxhb | Ez 17: https://hiperbiblia.com/reader?book=eze&chapter=17&left=snpd&right=lxxhb | Łk 13-14: https://hiperbiblia.com/reader?book=luk&chapter=13&left=snpd&right=lxxhb
265,2026-09-22,"1 Księga Kronik, rozdział 5","Księga Ezechiela, rozdział 18","Ewangelia Łukasza, rozdział 15",1Krn 5: https://hiperbiblia.com/reader?book=1ch&chapter=5&left=snpd&right=lxxhb | Ez 18: https://hiperbiblia.com/reader?book=eze&chapter=18&left=snpd&right=lxxhb | Łk 15: https://hiperbiblia.com/reader?book=luk&chapter=15&left=snpd&right=lxxhb
266,2026-09-23,"1 Księga Kronik, rozdział 6","Księga Ezechiela, rozdział 19","Ewangelia Łukasza, rozdział 16",1Krn 6: https://hiperbiblia.com/reader?book=1ch&chapter=6&left=snpd&right=lxxhb | Ez 19: https://hiperbiblia.com/reader?book=eze&chapter=19&left=snpd&right=lxxhb | Łk 16: https://hiperbiblia.com/reader?book=luk&chapter=16&left=snpd&right=lxxhb
267,2026-09-24,"1 Księga Kronik, rozdział 7","Księga Ezechiela, rozdział 20","Ewangelia Łukasza, rozdział 17",1Krn 7: https://hiperbiblia.com/reader?book=1ch&chapter=7&left=snpd&right=lxxhb | Ez 20: https://hiperbiblia.com/reader?book=eze&chapter=20&left=snpd&right=lxxhb | Łk 17: https://hiperbiblia.com/reader?book=luk&chapter=17&left=snpd&right=lxxhb
268,2026-09-25,"1 Księga Kronik, rozdział 8","Księga Ezechiela, rozdział 21","Ewangelia Łukasza, rozdział 18",1Krn 8: https://hiperbiblia.com/reader?book=1ch&chapter=8&left=snpd&right=lxxhb | Ez 21: https://hiperbiblia.com/reader?book=eze&chapter=21&left=snpd&right=lxxhb | Łk 18: https://hiperbiblia.com/reader?book=luk&chapter=18&left=snpd&right=lxxhb
269,2026-09-26,"1 Księga Kronik, rozdział 9","Księga Ezechiela, rozdział 22","Ewangelia Łukasza, rozdział 19",1Krn 9: https://hiperbiblia.com/reader?book=1ch&chapter=9&left=snpd&right=lxxhb | Ez 22: https://hiperbiblia.com/reader?book=eze&chapter=22&left=snpd&right=lxxhb | Łk 19: https://hiperbiblia.com/reader?book=luk&chapter=19&left=snpd&right=lxxhb
270,2026-09-27,"1 Księga Kronik, rozdział 10","Księga Ezechiela, rozdział 23","Ewangelia Łukasza, rozdział 20",1Krn 10: https://hiperbiblia.com/reader?book=1ch&chapter=10&left=snpd&right=lxxhb | Ez 23: https://hiperbiblia.com/reader?book=eze&chapter=23&left=snpd&right=lxxhb | Łk 20: https://hiperbiblia.com/reader?book=luk&chapter=20&left=snpd&right=lxxhb
271,2026-09-28,"1 Księga Kronik, rozdział 11","Księga Ezechiela, rozdział 24","Ewangelia Łukasza, rozdział 21",1Krn 11: https://hiperbiblia.com/reader?book=1ch&chapter=11&left=snpd&right=lxxhb | Ez 24: https://hiperbiblia.com/reader?book=eze&chapter=24&left=snpd&right=lxxhb | Łk 21: https://hiperbiblia.com/reader?book=luk&chapter=21&left=snpd&right=lxxhb
272,2026-09-29,"1 Księga Kronik, rozdział 12","Księga Ezechiela, rozdział 25","Ewangelia Łukasza, rozdział 22",1Krn 12: https://hiperbiblia.com/reader?book=1ch&chapter=12&left=snpd&right=lxxhb | Ez 25: https://hiperbiblia.com/reader?book=eze&chapter=25&left=snpd&right=lxxhb | Łk 22: https://hiperbiblia.com/reader?book=luk&chapter=22&left=snpd&right=lxxhb
273,2026-09-30,"1 Księga Kronik, rozdział 13 i 14","Księga Ezechiela, rozdział 26","Ewangelia Łukasza, rozdział 23",1Krn 13-14: https://hiperbiblia.com/reader?book=1ch&chapter=13&left=snpd&right=lxxhb | Ez 26: https://hiperbiblia.com/reader?book=eze&chapter=26&left=snpd&right=lxxhb | Łk 23: https://hiperbiblia.com/reader?book=luk&chapter=23&left=snpd&right=lxxhb
274,2026-10-01,"1 Księga Kronik, rozdział 15","Księga Ezechiela, rozdział 27","Ewangelia Łukasza, rozdział 24",1Krn 15: https://hiperbiblia.com/reader?book=1ch&chapter=15&left=snpd&right=lxxhb | Ez 27: https://hiperbiblia.com/reader?book=eze&chapter=27&left=snpd&right=lxxhb | Łk 24: https://hiperbiblia.com/reader?book=luk&chapter=24&left=snpd&right=lxxhb
275,2026-10-02,"1 Księga Kronik, rozdział 16","Księga Ezechiela, rozdział 28","List do Galatów, rozdział 1 i 2",1Krn 16: https://hiperbiblia.com/reader?book=1ch&chapter=16&left=snpd&right=lxxhb | Ez 28: https://hiperbiblia.com/reader?book=eze&chapter=28&left=snpd&right=lxxhb | Ga 1-2: https://hiperbiblia.com/reader?book=gal&chapter=1&left=snpd&right=lxxhb
276,2026-10-03,"1 Księga Kronik, rozdział 17","Księga Ezechiela, rozdział 29","List do Galatów, rozdział 3 i 4",1Krn 17: https://hiperbiblia.com/reader?book=1ch&chapter=17&left=snpd&right=lxxhb | Ez 29: https://hiperbiblia.com/reader?book=eze&chapter=29&left=snpd&right=lxxhb | Ga 3-4: https://hiperbiblia.com/reader?book=gal&chapter=3&left=snpd&right=lxxhb
277,2026-10-04,"1 Księga Kronik, rozdział 18 i 19","Księga Ezechiela, rozdział 30","List do Galatów, rozdział 5 i 6",1Krn 18-19: https://hiperbiblia.com/reader?book=1ch&chapter=18&left=snpd&right=lxxhb | Ez 30: https://hiperbiblia.com/reader?book=eze&chapter=30&left=snpd&right=lxxhb | Ga 5-6: https://hiperbiblia.com/reader?book=gal&chapter=5&left=snpd&right=lxxhb
278,2026-10-05,"1 Księga Kronik, rozdział 20 i 21","Księga Ezechiela, rozdział 31","List do Efezjan, rozdział 1 i 2",1Krn 20-21: https://hiperbiblia.com/reader?book=1ch&chapter=20&left=snpd&right=lxxhb | Ez 31: https://hiperbiblia.com/reader?book=eze&chapter=31&left=snpd&right=lxxhb | Ef 1-2: https://hiperbiblia.com/reader?book=eph&chapter=1&left=snpd&right=lxxhb
279,2026-10-06,"1 Księga Kronik, rozdział 22","Księga Ezechiela, rozdział 32","List do Efezjan, rozdział 3 i 4",1Krn 22: https://hiperbiblia.com/reader?book=1ch&chapter=22&left=snpd&right=lxxhb | Ez 32: https://hiperbiblia.com/reader?book=eze&chapter=32&left=snpd&right=lxxhb | Ef 3-4: https://hiperbiblia.com/reader?book=eph&chapter=3&left=snpd&right=lxxhb
280,2026-10-07,"1 Księga Kronik, rozdział 23","Księga Ezechiela, rozdział 33","List do Efezjan, rozdział 5 i 6",1Krn 23: https://hiperbiblia.com/reader?book=1ch&chapter=23&left=snpd&right=lxxhb | Ez 33: https://hiperbiblia.com/reader?book=eze&chapter=33&left=snpd&right=lxxhb | Ef 5-6: https://hiperbiblia.com/reader?book=eph&chapter=5&left=snpd&right=lxxhb
281,2026-10-08,"1 Księga Kronik, rozdział 24 i 25","Księga Ezechiela, rozdział 34","List do Filipian, rozdział 1 i 2",1Krn 24-25: https://hiperbiblia.com/reader?book=1ch&chapter=24&left=snpd&right=lxxhb | Ez 34: https://hiperbiblia.com/reader?book=eze&chapter=34&left=snpd&right=lxxhb | Flp 1-2: https://hiperbiblia.com/reader?book=phi&chapter=1&left=snpd&right=lxxhb
282,2026-10-09,"1 Księga Kronik, rozdział 26","Księga Ezechiela, rozdział 35","List do Filipian, rozdział 3 i 4",1Krn 26: https://hiperbiblia.com/reader?book=1ch&chapter=26&left=snpd&right=lxxhb | Ez 35: https://hiperbiblia.com/reader?book=eze&chapter=35&left=snpd&right=lxxhb | Flp 3-4: https://hiperbiblia.com/reader?book=phi&chapter=3&left=snpd&right=lxxhb
283,2026-10-10,"1 Księga Kronik, rozdział 27","Księga Ezechiela, rozdział 36","Ewangelia Jana, rozdział 1",1Krn 27: https://hiperbiblia.com/reader?book=1ch&chapter=27&left=snpd&right=lxxhb | Ez 36: https://hiperbiblia.com/reader?book=eze&chapter=36&left=snpd&right=lxxhb | J 1: https://hiperbiblia.com/reader?book=joh&chapter=1&left=snpd&right=lxxhb
284,2026-10-11,"1 Księga Kronik, rozdział 28","Księga Ezechiela, rozdział 37","Ewangelia Jana, rozdział 2 i 3",1Krn 28: https://hiperbiblia.com/reader?book=1ch&chapter=28&left=snpd&right=lxxhb | Ez 37: https://hiperbiblia.com/reader?book=eze&chapter=37&left=snpd&right=lxxhb | J 2-3: https://hiperbiblia.com/reader?book=joh&chapter=2&left=snpd&right=lxxhb
285,2026-10-12,"1 Księga Kronik, rozdział 29","Księga Ezechiela, rozdział 38","Ewangelia Jana, rozdział 4",1Krn 29: https://hiperbiblia.com/reader?book=1ch&chapter=29&left=snpd&right=lxxhb | Ez 38: https://hiperbiblia.com/reader?book=eze&chapter=38&left=snpd&right=lxxhb | J 4: https://hiperbiblia.com/reader?book=joh&chapter=4&left=snpd&right=lxxhb
286,2026-10-13,"2 Księga Kronik, rozdział 1 i 2","Księga Ezechiela, rozdział 39","Ewangelia Jana, rozdział 5",2Krn 1-2: https://hiperbiblia.com/reader?book=2ch&chapter=1&left=snpd&right=lxxhb | Ez 39: https://hiperbiblia.com/reader?book=eze&chapter=39&left=snpd&right=lxxhb | J 5: https://hiperbiblia.com/reader?book=joh&chapter=5&left=snpd&right=lxxhb
287,2026-10-14,"2 Księga Kronik, rozdział 3 i 4","Księga Ezechiela, rozdział 40","Ewangelia Jana, rozdział 6",2Krn 3-4: https://hiperbiblia.com/reader?book=2ch&chapter=3&left=snpd&right=lxxhb | Ez 40: https://hiperbiblia.com/reader?book=eze&chapter=40&left=snpd&right=lxxhb | J 6: https://hiperbiblia.com/reader?book=joh&chapter=6&left=snpd&right=lxxhb
288,2026-10-15,"2 Księga Kronik, rozdział 5 i 6","Księga Ezechiela, rozdział 41","Ewangelia Jana, rozdział 7",2Krn 5-6: https://hiperbiblia.com/reader?book=2ch&chapter=5&left=snpd&right=lxxhb | Ez 41: https://hiperbiblia.com/reader?book=eze&chapter=41&left=snpd&right=lxxhb | J 7: https://hiperbiblia.com/reader?book=joh&chapter=7&left=snpd&right=lxxhb
289,2026-10-16,"2 Księga Kronik, rozdział 7","Księga Ezechiela, rozdział 42","Ewangelia Jana, rozdział 8",2Krn 7: https://hiperbiblia.com/reader?book=2ch&chapter=7&left=snpd&right=lxxhb | Ez 42: https://hiperbiblia.com/reader?book=eze&chapter=42&left=snpd&right=lxxhb | J 8: https://hiperbiblia.com/reader?book=joh&chapter=8&left=snpd&right=lxxhb
290,2026-10-17,"2 Księga Kronik, rozdział 8 i 9","Księga Ezechiela, rozdział 43","Ewangelia Jana, rozdział 9 i 10",2Krn 8-9: https://hiperbiblia.com/reader?book=2ch&chapter=8&left=snpd&right=lxxhb | Ez 43: https://hiperbiblia.com/reader?book=eze&chapter=43&left=snpd&right=lxxhb | J 9-10: https://hiperbiblia.com/reader?book=joh&chapter=9&left=snpd&right=lxxhb
291,2026-10-18,"2 Księga Kronik, rozdział 10 i 11","Księga Ezechiela, rozdział 44","Ewangelia Jana, rozdział 11",2Krn 10-11: https://hiperbiblia.com/reader?book=2ch&chapter=10&left=snpd&right=lxxhb | Ez 44: https://hiperbiblia.com/reader?book=eze&chapter=44&left=snpd&right=lxxhb | J 11: https://hiperbiblia.com/reader?book=joh&chapter=11&left=snpd&right=lxxhb
292,2026-10-19,"2 Księga Kronik, rozdział 12 i 13","Księga Ezechiela, rozdział 45","Ewangelia Jana, rozdział 12",2Krn 12-13: https://hiperbiblia.com/reader?book=2ch&chapter=12&left=snpd&right=lxxhb | Ez 45: https://hiperbiblia.com/reader?book=eze&chapter=45&left=snpd&right=lxxhb | J 12: https://hiperbiblia.com/reader?book=joh&chapter=12&left=snpd&right=lxxhb
293,2026-10-20,"2 Księga Kronik, rozdział 14 i 15","Księga Ezechiela, rozdział 46","Ewangelia Jana, rozdział 13 i 14",2Krn 14-15: https://hiperbiblia.com/reader?book=2ch&chapter=14&left=snpd&right=lxxhb | Ez 46: https://hiperbiblia.com/reader?book=eze&chapter=46&left=snpd&right=lxxhb | J 13-14: https://hiperbiblia.com/reader?book=joh&chapter=13&left=snpd&right=lxxhb
294,2026-10-21,"2 Księga Kronik, rozdział 16 i 17","Księga Ezechiela, rozdział 47","Ewangelia Jana, rozdział 15 i 16",2Krn 16-17: https://hiperbiblia.com/reader?book=2ch&chapter=16&left=snpd&right=lxxhb | Ez 47: https://hiperbiblia.com/reader?book=eze&chapter=47&left=snpd&right=lxxhb | J 15-16: https://hiperbiblia.com/reader?book=joh&chapter=15&left=snpd&right=lxxhb
295,2026-10-22,"2 Księga Kronik, rozdział 18 i 19","Księga Ezechiela, rozdział 48","Ewangelia Jana, rozdział 17 i 18",2Krn 18-19: https://hiperbiblia.com/reader?book=2ch&chapter=18&left=snpd&right=lxxhb | Ez 48: https://hiperbiblia.com/reader?book=eze&chapter=48&left=snpd&right=lxxhb | J 17-18: https://hiperbiblia.com/reader?book=joh&chapter=17&left=snpd&right=lxxhb
296,2026-10-23,"2 Księga Kronik, rozdział 20","Księga Daniela, rozdział 1","Ewangelia Jana, rozdział 19",2Krn 20: https://hiperbiblia.com/reader?book=2ch&chapter=20&left=snpd&right=lxxhb | Dn 1: https://hiperbiblia.com/reader?book=dan&chapter=1&left=snpd&right=lxxhb | J 19: https://hiperbiblia.com/reader?book=joh&chapter=19&left=snpd&right=lxxhb
297,2026-10-24,"2 Księga Kronik, rozdział 21 i 22","Księga Daniela, rozdział 2","Ewangelia Jana, rozdział 20 i 21",2Krn 21-22: https://hiperbiblia.com/reader?book=2ch&chapter=21&left=snpd&right=lxxhb | Dn 2: https://hiperbiblia.com/reader?book=dan&chapter=2&left=snpd&right=lxxhb | J 20-21: https://hiperbiblia.com/reader?book=joh&chapter=20&left=snpd&right=lxxhb
298,2026-10-25,"2 Księga Kronik, rozdział 23","Księga Daniela, rozdział 3","Dzieje Apostolskie, rozdział 1",2Krn 23: https://hiperbiblia.com/reader?book=2ch&chapter=23&left=snpd&right=lxxhb | Dn 3: https://hiperbiblia.com/reader?book=dan&chapter=3&left=snpd&right=lxxhb | Dz 1: https://hiperbiblia.com/reader?book=act&chapter=1&left=snpd&right=lxxhb
299,2026-10-26,"2 Księga Kronik, rozdział 24","Księga Daniela, rozdział 4","Dzieje Apostolskie, rozdział 2",2Krn 24: https://hiperbiblia.com/reader?book=2ch&chapter=24&left=snpd&right=lxxhb | Dn 4: https://hiperbiblia.com/reader?book=dan&chapter=4&left=snpd&right=lxxhb | Dz 2: https://hiperbiblia.com/reader?book=act&chapter=2&left=snpd&right=lxxhb
300,2026-10-27,"2 Księga Kronik, rozdział 25","Księga Daniela, rozdział 5","Dzieje Apostolskie, rozdział 3; 4",2Krn 25: https://hiperbiblia.com/reader?book=2ch&chapter=25&left=snpd&right=lxxhb | Dn 5: https://hiperbiblia.com/reader?book=dan&chapter=5&left=snpd&right=lxxhb | Dz 3-4: https://hiperbiblia.com/reader?book=act&chapter=3&left=snpd&right=lxxhb
301,2026-10-28,"2 Księga Kronik, rozdział 26","Księga Daniela, rozdział 6","Dzieje Apostolskie, rozdział 5 i 6",2Krn 26: https://hiperbiblia.com/reader?book=2ch&chapter=26&left=snpd&right=lxxhb | Dn 6: https://hiperbiblia.com/reader?book=dan&chapter=6&left=snpd&right=lxxhb | Dz 5-6: https://hiperbiblia.com/reader?book=act&chapter=5&left=snpd&right=lxxhb
302,2026-10-29,"2 Księga Kronik, rozdział 27","Księga Daniela, rozdział 7","Dzieje Apostolskie, rozdział 7",2Krn 27: https://hiperbiblia.com/reader?book=2ch&chapter=27&left=snpd&right=lxxhb | Dn 7: https://hiperbiblia.com/reader?book=dan&chapter=7&left=snpd&right=lxxhb | Dz 7: https://hiperbiblia.com/reader?book=act&chapter=7&left=snpd&right=lxxhb
303,2026-10-30,"2 Księga Kronik, rozdział 28","Księga Daniela, rozdział 8","Dzieje Apostolskie, rozdział 8",2Krn 28: https://hiperbiblia.com/reader?book=2ch&chapter=28&left=snpd&right=lxxhb | Dn 8: https://hiperbiblia.com/reader?book=dan&chapter=8&left=snpd&right=lxxhb | Dz 8: https://hiperbiblia.com/reader?book=act&chapter=8&left=snpd&right=lxxhb
304,2026-10-31,"2 Księga Kronik, rozdział 29","Księga Daniela, rozdział 9","Dzieje Apostolskie, rozdział 9",2Krn 29: https://hiperbiblia.com/reader?book=2ch&chapter=29&left=snpd&right=lxxhb | Dn 9: https://hiperbiblia.com/reader?book=dan&chapter=9&left=snpd&right=lxxhb | Dz 9: https://hiperbiblia.com/reader?book=act&chapter=9&left=snpd&right=lxxhb
305,2026-11-01,"2 Księga Kronik, rozdział 30","Księga Daniela, rozdział 10","Dzieje Apostolskie, rozdział 10",2Krn 30: https://hiperbiblia.com/reader?book=2ch&chapter=30&left=snpd&right=lxxhb | Dn 10: https://hiperbiblia.com/reader?book=dan&chapter=10&left=snpd&right=lxxhb | Dz 10: https://hiperbiblia.com/reader?book=act&chapter=10&left=snpd&right=lxxhb
306,2026-11-02,"2 Księga Kronik, rozdział 31","Księga Daniela, rozdział 11","Dzieje Apostolskie, rozdział 11 i 12",2Krn 31: https://hiperbiblia.com/reader?book=2ch&chapter=31&left=snpd&right=lxxhb | Dn 11: https://hiperbiblia.com/reader?book=dan&chapter=11&left=snpd&right=lxxhb | Dz 11-12: https://hiperbiblia.com/reader?book=act&chapter=11&left=snpd&right=lxxhb
307,2026-11-03,"2 Księga Kronik, rozdział 32","Księga Daniela, rozdział 12","Dzieje Apostolskie, rozdział 13",2Krn 32: https://hiperbiblia.com/reader?book=2ch&chapter=32&left=snpd&right=lxxhb | Dn 12: https://hiperbiblia.com/reader?book=dan&chapter=12&left=snpd&right=lxxhb | Dz 13: https://hiperbiblia.com/reader?book=act&chapter=13&left=snpd&right=lxxhb
308,2026-11-04,"2 Księga Kronik, rozdział 33","Księga Ozeasza, rozdział 1","Dzieje Apostolskie, rozdział 14 i 15",2Krn 33: https://hiperbiblia.com/reader?book=2ch&chapter=33&left=snpd&right=lxxhb | Oz 1: https://hiperbiblia.com/reader?book=hos&chapter=1&left=snpd&right=lxxhb | Dz 14-15: https://hiperbiblia.com/reader?book=act&chapter=14&left=snpd&right=lxxhb
309,2026-11-05,"2 Księga Kronik, rozdział 34","Księga Ozeasza, rozdział 2","Dzieje Apostolskie, rozdział 16 i 17",2Krn 34: https://hiperbiblia.com/reader?book=2ch&chapter=34&left=snpd&right=lxxhb | Oz 2: https://hiperbiblia.com/reader?book=hos&chapter=2&left=snpd&right=lxxhb | Dz 16-17: https://hiperbiblia.com/reader?book=act&chapter=16&left=snpd&right=lxxhb
310,2026-11-06,"2 Księga Kronik, rozdział 35","Księga Ozeasza, rozdział 3","Dzieje Apostolskie, rozdział 18 i 19",2Krn 35: https://hiperbiblia.com/reader?book=2ch&chapter=35&left=snpd&right=lxxhb | Oz 3: https://hiperbiblia.com/reader?book=hos&chapter=3&left=snpd&right=lxxhb | Dz 18-19: https://hiperbiblia.com/reader?book=act&chapter=18&left=snpd&right=lxxhb
311,2026-11-07,"2 Księga Kronik, rozdział 36","Księga Ozeasza, rozdział 4","Dzieje Apostolskie, rozdział 20",2Krn 36: https://hiperbiblia.com/reader?book=2ch&chapter=36&left=snpd&right=lxxhb | Oz 4: https://hiperbiblia.com/reader?book=hos&chapter=4&left=snpd&right=lxxhb | Dz 20: https://hiperbiblia.com/reader?book=act&chapter=20&left=snpd&right=lxxhb
312,2026-11-08,"Księga Ezdrasza, rozdział 1 i 2","Księga Ozeasza, rozdział 5","Dzieje Apostolskie, rozdział 21 i 22",Ezd 1-2: https://hiperbiblia.com/reader?book=ezr&chapter=1&left=snpd&right=lxxhb | Oz 5: https://hiperbiblia.com/reader?book=hos&chapter=5&left=snpd&right=lxxhb | Dz 21-22: https://hiperbiblia.com/reader?book=act&chapter=21&left=snpd&right=lxxhb
313,2026-11-09,"Księga Ezdrasza, rozdział 3 i 4","Księga Ozeasza, rozdział 6","Dzieje Apostolskie, rozdział 23 i 24",Ezd 3-4: https://hiperbiblia.com/reader?book=ezr&chapter=3&left=snpd&right=lxxhb | Oz 6: https://hiperbiblia.com/reader?book=hos&chapter=6&left=snpd&right=lxxhb | Dz 23-24: https://hiperbiblia.com/reader?book=act&chapter=23&left=snpd&right=lxxhb
314,2026-11-10,"Księga Ezdrasza, rozdział 5 i 6","Księga Ozeasza, rozdział 7","Dzieje Apostolskie, rozdział 25 i 26",Ezd 5-6: https://hiperbiblia.com/reader?book=ezr&chapter=5&left=snpd&right=lxxhb | Oz 7: https://hiperbiblia.com/reader?book=hos&chapter=7&left=snpd&right=lxxhb | Dz 25-26: https://hiperbiblia.com/reader?book=act&chapter=25&left=snpd&right=lxxhb
315,2026-11-11,"Księga Ezdrasza, rozdział 7","Księga Ozeasza, rozdział 8","Dzieje Apostolskie, rozdział 27",Ezd 7: https://hiperbiblia.com/reader?book=ezr&chapter=7&left=snpd&right=lxxhb | Oz 8: https://hiperbiblia.com/reader?book=hos&chapter=8&left=snpd&right=lxxhb | Dz 27: https://hiperbiblia.com/reader?book=act&chapter=27&left=snpd&right=lxxhb
316,2026-11-12,"Księga Ezdrasza, rozdział 8","Księga Ozeasza, rozdział 9","Dzieje Apostolskie, rozdział 28",Ezd 8: https://hiperbiblia.com/reader?book=ezr&chapter=8&left=snpd&right=lxxhb | Oz 9: https://hiperbiblia.com/reader?book=hos&chapter=9&left=snpd&right=lxxhb | Dz 28: https://hiperbiblia.com/reader?book=act&chapter=28&left=snpd&right=lxxhb
317,2026-11-13,"Księga Ezdrasza, rozdział 9","Księga Ozeasza, rozdział 10","List do Kolosan, rozdział 1",Ezd 9: https://hiperbiblia.com/reader?book=ezr&chapter=9&left=snpd&right=lxxhb | Oz 10: https://hiperbiblia.com/reader?book=hos&chapter=10&left=snpd&right=lxxhb | Kol 1: https://hiperbiblia.com/reader?book=col&chapter=1&left=snpd&right=lxxhb
318,2026-11-14,"Księga Ezdrasza, rozdział 10","Księga Ozeasza, rozdział 11","List do Kolosan, rozdział 2",Ezd 10: https://hiperbiblia.com/reader?book=ezr&chapter=10&left=snpd&right=lxxhb | Oz 11: https://hiperbiblia.com/reader?book=hos&chapter=11&left=snpd&right=lxxhb | Kol 2: https://hiperbiblia.com/reader?book=col&chapter=2&left=snpd&right=lxxhb
319,2026-11-15,"Księga Nehemiasza, rozdział 1 i 2","Księga Ozeasza, rozdział 12","List do Kolosan, rozdział 3 i 4",Ne 1-2: https://hiperbiblia.com/reader?book=neh&chapter=1&left=snpd&right=lxxhb | Oz 12: https://hiperbiblia.com/reader?book=hos&chapter=12&left=snpd&right=lxxhb | Kol 3-4: https://hiperbiblia.com/reader?book=col&chapter=3&left=snpd&right=lxxhb
320,2026-11-16,"Księga Nehemiasza, rozdział 3","Księga Ozeasza, rozdział 13","1 List do Tesaloniczan, rozdział 1 i 2",Ne 3: https://hiperbiblia.com/reader?book=neh&chapter=3&left=snpd&right=lxxhb | Oz 13: https://hiperbiblia.com/reader?book=hos&chapter=13&left=snpd&right=lxxhb | 1Tes 1-2: https://hiperbiblia.com/reader?book=1th&chapter=1&left=snpd&right=lxxhb
321,2026-11-17,"Księga Nehemiasza, rozdział 4","Księga Ozeasza, rozdział 14","1 List do Tesaloniczan, rozdział 3 i 4",Ne 4: https://hiperbiblia.com/reader?book=neh&chapter=4&left=snpd&right=lxxhb | Oz 14: https://hiperbiblia.com/reader?book=hos&chapter=14&left=snpd&right=lxxhb | 1Tes 3-4: https://hiperbiblia.com/reader?book=1th&chapter=3&left=snpd&right=lxxhb
322,2026-11-18,"Księga Nehemiasza, rozdział 5 i 6","Księga Joela, rozdział 1","1 List do Tesaloniczan, rozdział 5",Ne 5-6: https://hiperbiblia.com/reader?book=neh&chapter=5&left=snpd&right=lxxhb | Jl 1: https://hiperbiblia.com/reader?book=joe&chapter=1&left=snpd&right=lxxhb | 1Tes 5: https://hiperbiblia.com/reader?book=1th&chapter=5&left=snpd&right=lxxhb
323,2026-11-19,"Księga Nehemiasza, rozdział 7","Księga Joela, rozdział 2","2 List do Tesaloniczan, rozdział 1 i 2",Ne 7: https://hiperbiblia.com/reader?book=neh&chapter=7&left=snpd&right=lxxhb | Jl 2: https://hiperbiblia.com/reader?book=joe&chapter=2&left=snpd&right=lxxhb | 2Tes 1-2: https://hiperbiblia.com/reader?book=2th&chapter=1&left=snpd&right=lxxhb
324,2026-11-20,"Księga Nehemiasza, rozdział 8","Księga Joela, rozdział 3 i 4","2 List do Tesaloniczan, rozdział 3",Ne 8: https://hiperbiblia.com/reader?book=neh&chapter=8&left=snpd&right=lxxhb | Jl 3-4: https://hiperbiblia.com/reader?book=joe&chapter=3&left=snpd&right=lxxhb | 2Tes 3: https://hiperbiblia.com/reader?book=2th&chapter=3&left=snpd&right=lxxhb
325,2026-11-21,"Księga Nehemiasza, rozdział 9","Księga Amosa, rozdział 1","1 List do Tymoteusza, rozdział 1, 2 i 3",Ne 9: https://hiperbiblia.com/reader?book=neh&chapter=9&left=snpd&right=lxxhb | Am 1: https://hiperbiblia.com/reader?book=amo&chapter=1&left=snpd&right=lxxhb | 1Tm 1-3: https://hiperbiblia.com/reader?book=1ti&chapter=1&left=snpd&right=lxxhb
326,2026-11-22,"Księga Nehemiasza, rozdział 10","Księga Amosa, rozdział 2","1 List do Tymoteusza, rozdział 4 i 5",Ne 10: https://hiperbiblia.com/reader?book=neh&chapter=10&left=snpd&right=lxxhb | Am 2: https://hiperbiblia.com/reader?book=amo&chapter=2&left=snpd&right=lxxhb | 1Tm 4-5: https://hiperbiblia.com/reader?book=1ti&chapter=4&left=snpd&right=lxxhb
327,2026-11-23,"Księga Nehemiasza, rozdział 11","Księga Amosa, rozdział 3","1 List do Tymoteusza, rozdział 6",Ne 11: https://hiperbiblia.com/reader?book=neh&chapter=11&left=snpd&right=lxxhb | Am 3: https://hiperbiblia.com/reader?book=amo&chapter=3&left=snpd&right=lxxhb | 1Tm 6: https://hiperbiblia.com/reader?book=1ti&chapter=6&left=snpd&right=lxxhb
328,2026-11-24,"Księga Nehemiasza, rozdział 12","Księga Amosa, rozdział 4","2 List do Tymoteusza, rozdział 1",Ne 12: https://hiperbiblia.com/reader?book=neh&chapter=12&left=snpd&right=lxxhb | Am 4: https://hiperbiblia.com/reader?book=amo&chapter=4&left=snpd&right=lxxhb | 2Tm 1: https://hiperbiblia.com/reader?book=2ti&chapter=1&left=snpd&right=lxxhb
329,2026-11-25,"Księga Nehemiasza, rozdział 13","Księga Amosa, rozdział 5","2 List do Tymoteusza, rozdział 2",Ne 13: https://hiperbiblia.com/reader?book=neh&chapter=13&left=snpd&right=lxxhb | Am 5: https://hiperbiblia.com/reader?book=amo&chapter=5&left=snpd&right=lxxhb | 2Tm 2: https://hiperbiblia.com/reader?book=2ti&chapter=2&left=snpd&right=lxxhb
330,2026-11-26,"Księga Estery, rozdział 1","Księga Amosa, rozdział 6","2 List do Tymoteusza, rozdział 3 i 4",Est 1: https://hiperbiblia.com/reader?book=est&chapter=1&left=snpd&right=lxxhb | Am 6: https://hiperbiblia.com/reader?book=amo&chapter=6&left=snpd&right=lxxhb | 2Tm 3-4: https://hiperbiblia.com/reader?book=2ti&chapter=3&left=snpd&right=lxxhb
331,2026-11-27,"Księga Estery, rozdział 2","Księga Amosa, rozdział 7",List do Tytusa,Est 2: https://hiperbiblia.com/reader?book=est&chapter=2&left=snpd&right=lxxhb | Am 7: https://hiperbiblia.com/reader?book=amo&chapter=7&left=snpd&right=lxxhb | Tt 1: https://hiperbiblia.com/reader?book=tit&chapter=1&left=snpd&right=lxxhb
332,2026-11-28,"Księga Estery, rozdział 3 i 4","Księga Amosa, rozdział 8",List do Filemona,Est 3-4: https://hiperbiblia.com/reader?book=est&chapter=3&left=snpd&right=lxxhb | Am 8: https://hiperbiblia.com/reader?book=amo&chapter=8&left=snpd&right=lxxhb | Flm 1: https://hiperbiblia.com/reader?book=phm&chapter=1&left=snpd&right=lxxhb
333,2026-11-29,"Księga Estery, rozdział 5 i 6","Księga Amosa, rozdział 9","List do Hebrajczyków, rozdział 1 i 2",Est 5-6: https://hiperbiblia.com/reader?book=est&chapter=5&left=snpd&right=lxxhb | Am 9: https://hiperbiblia.com/reader?book=amo&chapter=9&left=snpd&right=lxxhb | Hbr 1-2: https://hiperbiblia.com/reader?book=heb&chapter=1&left=snpd&right=lxxhb
334,2026-11-30,"Księga Estery, rozdział 7 i 8",Księga Abdiasza,"List do Hebrajczyków, rozdział 3,4 i 5",Est 7-8: https://hiperbiblia.com/reader?book=est&chapter=7&left=snpd&right=lxxhb | Ab 1: https://hiperbiblia.com/reader?book=oba&chapter=1&left=snpd&right=lxxhb | Hbr 3-5: https://hiperbiblia.com/reader?book=heb&chapter=3&left=snpd&right=lxxhb
335,2026-12-01,"Księga Estery, rozdział 9 i 10","Księga Jonasza, rozdział 1","List do Hebrajczyków, rozdział 6 i 7",Est 9-10: https://hiperbiblia.com/reader?book=est&chapter=9&left=snpd&right=lxxhb | Jon 1: https://hiperbiblia.com/reader?book=jon&chapter=1&left=snpd&right=lxxhb | Hbr 6-7: https://hiperbiblia.com/reader?book=heb&chapter=6&left=snpd&right=lxxhb
336,2026-12-02,"Księga Hioba, rozdział 1 i 2","Księga Jonasza, rozdział 2 i 3","List do Hebrajczyków, rozdział 8 i 9",Hi 1-2: https://hiperbiblia.com/reader?book=job&chapter=1&left=snpd&right=lxxhb | Jon 2-3: https://hiperbiblia.com/reader?book=jon&chapter=2&left=snpd&right=lxxhb | Hbr 8-9: https://hiperbiblia.com/reader?book=heb&chapter=8&left=snpd&right=lxxhb
337,2026-12-03,"Księga Hioba, rozdział 3 i 4","Księga Jonasza, rozdział 4","List do Hebrajczyków, rozdział 10",Hi 3-4: https://hiperbiblia.com/reader?book=job&chapter=3&left=snpd&right=lxxhb | Jon 4: https://hiperbiblia.com/reader?book=jon&chapter=4&left=snpd&right=lxxhb | Hbr 10: https://hiperbiblia.com/reader?book=heb&chapter=10&left=snpd&right=lxxhb
338,2026-12-04,"Księga Hioba, rozdział 5","Księga Micheasza, rozdział 1","List do Hebrajczyków, rozdział 11",Hi 5: https://hiperbiblia.com/reader?book=job&chapter=5&left=snpd&right=lxxhb | Mi 1: https://hiperbiblia.com/reader?book=mic&chapter=1&left=snpd&right=lxxhb | Hbr 11: https://hiperbiblia.com/reader?book=heb&chapter=11&left=snpd&right=lxxhb
339,2026-12-05,"Księga Hioba, rozdział 6 i 7","Księga Micheasza, rozdział 2","List do Hebrajczyków, rozdział 12",Hi 6-7: https://hiperbiblia.com/reader?book=job&chapter=6&left=snpd&right=lxxhb | Mi 2: https://hiperbiblia.com/reader?book=mic&chapter=2&left=snpd&right=lxxhb | Hbr 12: https://hiperbiblia.com/reader?book=heb&chapter=12&left=snpd&right=lxxhb
340,2026-12-06,"Księga Hioba, rozdział 8","Księga Micheasza, rozdział 3 i 4","List do Hebrajczyków, rozdział 13",Hi 8: https://hiperbiblia.com/reader?book=job&chapter=8&left=snpd&right=lxxhb | Mi 3-4: https://hiperbiblia.com/reader?book=mic&chapter=3&left=snpd&right=lxxhb | Hbr 13: https://hiperbiblia.com/reader?book=heb&chapter=13&left=snpd&right=lxxhb
341,2026-12-07,"Księga Hioba, rozdział 9","Księga Micheasza, rozdział 5","List Jakuba, rozdział 1",Hi 9: https://hiperbiblia.com/reader?book=job&chapter=9&left=snpd&right=lxxhb | Mi 5: https://hiperbiblia.com/reader?book=mic&chapter=5&left=snpd&right=lxxhb | Jk 1: https://hiperbiblia.com/reader?book=jam&chapter=1&left=snpd&right=lxxhb
342,2026-12-08,"Księga Hioba, rozdział 10","Księga Micheasza, rozdział 6","List Jakuba, rozdział 2",Hi 10: https://hiperbiblia.com/reader?book=job&chapter=10&left=snpd&right=lxxhb | Mi 6: https://hiperbiblia.com/reader?book=mic&chapter=6&left=snpd&right=lxxhb | Jk 2: https://hiperbiblia.com/reader?book=jam&chapter=2&left=snpd&right=lxxhb
343,2026-12-09,"Księga Hioba, rozdział 11","Księga Micheasza, rozdział 7","List Jakuba, rozdział 3 i 4",Hi 11: https://hiperbiblia.com/reader?book=job&chapter=11&left=snpd&right=lxxhb | Mi 7: https://hiperbiblia.com/reader?book=mic&chapter=7&left=snpd&right=lxxhb | Jk 3-4: https://hiperbiblia.com/reader?book=jam&chapter=3&left=snpd&right=lxxhb
344,2026-12-10,"Księga Hioba, rozdział 12","Księga Nahuma, rozdział 1 i 2","List Jakuba, rozdział 5",Hi 12: https://hiperbiblia.com/reader?book=job&chapter=12&left=snpd&right=lxxhb | Na 1-2: https://hiperbiblia.com/reader?book=nah&chapter=1&left=snpd&right=lxxhb | Jk 5: https://hiperbiblia.com/reader?book=jam&chapter=5&left=snpd&right=lxxhb
345,2026-12-11,"Księga Hioba, rozdział 13","Księga Nahuma, rozdział 3","1 List Piotra, rozdział 1",Hi 13: https://hiperbiblia.com/reader?book=job&chapter=13&left=snpd&right=lxxhb | Na 3: https://hiperbiblia.com/reader?book=nah&chapter=3&left=snpd&right=lxxhb | 1P 1: https://hiperbiblia.com/reader?book=1pe&chapter=1&left=snpd&right=lxxhb
346,2026-12-12,"Księga Hioba, rozdział 14","Księga Habakuka, rozdział 1","1 List Piotra, rozdział 2",Hi 14: https://hiperbiblia.com/reader?book=job&chapter=14&left=snpd&right=lxxhb | Ha 1: https://hiperbiblia.com/reader?book=hab&chapter=1&left=snpd&right=lxxhb | 1P 2: https://hiperbiblia.com/reader?book=1pe&chapter=2&left=snpd&right=lxxhb
347,2026-12-13,"Księga Hioba, rozdział 15","Księga Habakuka, rozdział 2","1 List Piotra, rozdział 3, 4 i 5",Hi 15: https://hiperbiblia.com/reader?book=job&chapter=15&left=snpd&right=lxxhb | Ha 2: https://hiperbiblia.com/reader?book=hab&chapter=2&left=snpd&right=lxxhb | 1P 3-5: https://hiperbiblia.com/reader?book=1pe&chapter=3&left=snpd&right=lxxhb
348,2026-12-14,"Księga Hioba, rozdział 16 i 17","Księga Habakuka, rozdział 3","2 List Piotra, rozdział 1 i 2",Hi 16-17: https://hiperbiblia.com/reader?book=job&chapter=16&left=snpd&right=lxxhb | Ha 3: https://hiperbiblia.com/reader?book=hab&chapter=3&left=snpd&right=lxxhb | 2P 1-2: https://hiperbiblia.com/reader?book=2pe&chapter=1&left=snpd&right=lxxhb
349,2026-12-15,"Księga Hioba, rozdział 18 i 19","Księga Sofoniasza, rozdział 1","2 List Piotra, rozdział 3",Hi 18-19: https://hiperbiblia.com/reader?book=job&chapter=18&left=snpd&right=lxxhb | So 1: https://hiperbiblia.com/reader?book=zep&chapter=1&left=snpd&right=lxxhb | 2P 3: https://hiperbiblia.com/reader?book=2pe&chapter=3&left=snpd&right=lxxhb
350,2026-12-16,"Księga Hioba, rozdział 20","Księga Sofoniasza, rozdział 2","1 List Jana, rozdział 1 i 2",Hi 20: https://hiperbiblia.com/reader?book=job&chapter=20&left=snpd&right=lxxhb | So 2: https://hiperbiblia.com/reader?book=zep&chapter=2&left=snpd&right=lxxhb | 1J 1-2: https://hiperbiblia.com/reader?book=1jo&chapter=1&left=snpd&right=lxxhb
351,2026-12-17,"Księga Hioba, rozdział 21","Księga Sofoniasza, rozdział 3","1 List Jana, rozdział 3 i 4",Hi 21: https://hiperbiblia.com/reader?book=job&chapter=21&left=snpd&right=lxxhb | So 3: https://hiperbiblia.com/reader?book=zep&chapter=3&left=snpd&right=lxxhb | 1J 3-4: https://hiperbiblia.com/reader?book=1jo&chapter=3&left=snpd&right=lxxhb
352,2026-12-18,"Księga Hioba, rozdział 22",Księga Aggeusza,"1 List Jana, rozdział 5",Hi 22: https://hiperbiblia.com/reader?book=job&chapter=22&left=snpd&right=lxxhb | Ag 1: https://hiperbiblia.com/reader?book=hag&chapter=1&left=snpd&right=lxxhb | 1J 5: https://hiperbiblia.com/reader?book=1jo&chapter=5&left=snpd&right=lxxhb
353,2026-12-19,"Księga Hioba, rozdział 23 i 24","Księga Zachariasza, rozdział 1",2 i 3 List Jana,Hi 23-24: https://hiperbiblia.com/reader?book=job&chapter=23&left=snpd&right=lxxhb | Za 1: https://hiperbiblia.com/reader?book=zec&chapter=1&left=snpd&right=lxxhb | 2J 1: https://hiperbiblia.com/reader?book=2jo&chapter=1&left=snpd&right=lxxhb
354,2026-12-20,"Księga Hioba, rozdział 25, 26 i 27","Księga Zachariasza, rozdział 2 i 3",1 List Judy,Hi 25-27: https://hiperbiblia.com/reader?book=job&chapter=25&left=snpd&right=lxxhb | Za 2-3: https://hiperbiblia.com/reader?book=zec&chapter=2&left=snpd&right=lxxhb | Jud 1: https://hiperbiblia.com/reader?book=jud&chapter=1&left=snpd&right=lxxhb
355,2026-12-21,"Księga Hioba, rozdział 28","Księga Zachariasza, rozdział 4 i 5","Apokalipsa Jana, rozdział 1 i  2",Hi 28: https://hiperbiblia.com/reader?book=job&chapter=28&left=snpd&right=lxxhb | Za 4-5: https://hiperbiblia.com/reader?book=zec&chapter=4&left=snpd&right=lxxhb | Ap 1-2: https://hiperbiblia.com/reader?book=rev&chapter=1&left=snpd&right=lxxhb
356,2026-12-22,"Księga Hioba, rozdział 29 i 30","Księga Zachariasza, rozdział 6 i 7","Apokalipsa Jana, rozdział 3 i 4",Hi 29-30: https://hiperbiblia.com/reader?book=job&chapter=29&left=snpd&right=lxxhb | Za 6-7: https://hiperbiblia.com/reader?book=zec&chapter=6&left=snpd&right=lxxhb | Ap 3-4: https://hiperbiblia.com/reader?book=rev&chapter=3&left=snpd&right=lxxhb
357,2026-12-23,"Księga Hioba, rozdział 31 i 32","Księga Zachariasza, rozdział 8","Apokalipsa Jana, rozdział 5 i 6",Hi 31-32: https://hiperbiblia.com/reader?book=job&chapter=31&left=snpd&right=lxxhb | Za 8: https://hiperbiblia.com/reader?book=zec&chapter=8&left=snpd&right=lxxhb | Ap 5-6: https://hiperbiblia.com/reader?book=rev&chapter=5&left=snpd&right=lxxhb
358,2026-12-24,"Księga Hioba, rozdział 33","Księga Zachariasza, rozdział 9","Apokalipsa Jana, rozdział 7, 8 i 9",Hi 33: https://hiperbiblia.com/reader?book=job&chapter=33&left=snpd&right=lxxhb | Za 9: https://hiperbiblia.com/reader?book=zec&chapter=9&left=snpd&right=lxxhb | Ap 7-9: https://hiperbiblia.com/reader?book=rev&chapter=7&left=snpd&right=lxxhb
359,2026-12-25,"Księga Hioba, rozdział 34","Księga Zachariasza, rozdział 10","Apokalipsa Jana, rozdział 10 i 11",Hi 34: https://hiperbiblia.com/reader?book=job&chapter=34&left=snpd&right=lxxhb | Za 10: https://hiperbiblia.com/reader?book=zec&chapter=10&left=snpd&right=lxxhb | Ap 10-11: https://hiperbiblia.com/reader?book=rev&chapter=10&left=snpd&right=lxxhb
360,2026-12-26,"Księga Hioba, rozdział 35 i 36","Księga Zachariasza, rozdział 11","Apokalipsa Jana, rozdział 12 i 13",Hi 35-36: https://hiperbiblia.com/reader?book=job&chapter=35&left=snpd&right=lxxhb | Za 11: https://hiperbiblia.com/reader?book=zec&chapter=11&left=snpd&right=lxxhb | Ap 12-13: https://hiperbiblia.com/reader?book=rev&chapter=12&left=snpd&right=lxxhb
361,2026-12-27,"Księga Hioba, rozdział 37","Księga Zachariasza, rozdział 12","Apokalipsa Jana, rozdział 14",Hi 37: https://hiperbiblia.com/reader?book=job&chapter=37&left=snpd&right=lxxhb | Za 12: https://hiperbiblia.com/reader?book=zec&chapter=12&left=snpd&right=lxxhb | Ap 14: https://hiperbiblia.com/reader?book=rev&chapter=14&left=snpd&right=lxxhb
362,2026-12-28,"Księga Hioba, rozdział 38","Księga Zachariasza, rozdział 13 i 14","Apokalipsa Jana, rozdział 15 i 16",Hi 38: https://hiperbiblia.com/reader?book=job&chapter=38&left=snpd&right=lxxhb | Za 13-14: https://hiperbiblia.com/reader?book=zec&chapter=13&left=snpd&right=lxxhb | Ap 15-16: https://hiperbiblia.com/reader?book=rev&chapter=15&left=snpd&right=lxxhb
363,2026-12-29,"Księga Hioba, rozdział 39","Księga Malachiasza, rozdział 1","Apokalipsa Jana, rozdział 17 i 18",Hi 39: https://hiperbiblia.com/reader?book=job&chapter=39&left=snpd&right=lxxhb | Ml 1: https://hiperbiblia.com/reader?book=mal&chapter=1&left=snpd&right=lxxhb | Ap 17-18: https://hiperbiblia.com/reader?book=rev&chapter=17&left=snpd&right=lxxhb
364,2026-12-30,"Księga Hioba, rozdział 40","Księga Malachiasza, rozdział 2","Apokalipsa Jana, rozdział 19 i 20",Hi 40: https://hiperbiblia.com/reader?book=job&chapter=40&left=snpd&right=lxxhb | Ml 2: https://hiperbiblia.com/reader?book=mal&chapter=2&left=snpd&right=lxxhb | Ap 19-20: https://hiperbiblia.com/reader?book=rev&chapter=19&left=snpd&right=lxxhb
365,2026-12-31,"Księga Hioba, rozdział 41 i 42","Księga Malachiasza, rozdział 3 i 4","Apokalipsa Jana, rozdział 21 i 22",Hi 41-42: https://hiperbiblia.com/reader?book=job&chapter=41&left=snpd&right=lxxhb | Ml 3-4: https://hiperbiblia.com/reader?book=mal&chapter=3&left=snpd&right=lxxhb | Ap 21-22: https://hiperbiblia.com/reader?book=rev&chapter=21&left=snpd&right=lxxhb
